teamId,playerId,x,y,endX,endY,minute,type,outcome
3070,NA,0,0,NA,NA,0,Start,Successful
2151,NA,0,0,NA,NA,0,Start,Successful
3070,14,50,49.8,45.5,54.5,0,Pass,Successful
3070,1,47.6,54.8,37.7,48.9,0,Pass,Successful
3070,3,36.1,41.5,31.3,8.5,0,Pass,Successful
3070,31,32.3,6.9,68.4,33.8,0,Pass,Unsuccessful
2151,26,31.3,74.7,NA,NA,0,BallRecovery,Successful
2151,26,30.5,62.5,32.2,61,0,Pass,Successful
2151,15,35.7,60.6,28.8,20.3,0,Pass,Successful
2151,4,28.6,20.1,35.9,17.7,0,Pass,Unsuccessful
3070,29,63.8,90,NA,NA,0,BallTouch,Successful
2151,33,58.6,16.2,NA,NA,0,Foul,Successful
3070,3,41.4,83.8,NA,NA,0,Foul,Unsuccessful
2151,24,54,20,46.1,56.7,0,Pass,Successful
2151,26,45.4,60,64,95.4,0,Pass,Successful
2151,35,64,95.6,54.7,86.2,0,Pass,Successful
2151,8,54.2,86.2,39.6,79.1,0,Pass,Successful
2151,26,39.5,74.8,35.6,40.3,0,Pass,Successful
2151,24,55.7,25.3,84,15.3,0,Pass,Unsuccessful
3070,16,21.9,87.8,39.6,95.5,0,Pass,Unsuccessful
2151,4,64.2,6.2,81.1,6.2,0,Pass,Successful
2151,33,81.1,6.2,65.6,7.1,0,Pass,Unsuccessful
3070,29,33.2,91.4,NA,NA,0,BallRecovery,Successful
3070,29,32.9,93.8,31.6,82.2,0,Pass,Successful
3070,3,30.3,84.4,NA,NA,0,TakeOn,Successful
2151,28,69.7,15.6,NA,NA,0,Challenge,Unsuccessful
3070,3,37.5,76.3,46.7,72.2,1,Pass,Successful
3070,1,46.7,70.9,29.3,37.7,1,Pass,Successful
3070,12,29.9,36.3,45.4,10.9,1,Pass,Successful
3070,31,45.4,11.1,70.1,26.5,1,Pass,Unsuccessful
2151,26,27.1,75.6,NA,NA,1,BallRecovery,Successful
2151,26,25.1,75.9,38.1,70.9,1,Pass,Successful
2151,8,44.9,52.7,38.4,28,1,Pass,Successful
2151,4,43.7,18.6,36.2,35.1,1,Pass,Successful
2151,24,39,33.1,43.9,68.1,1,Pass,Successful
2151,26,47.4,67.9,47.8,44.5,1,Pass,Successful
2151,15,46.8,31,48.5,17.4,1,Pass,Successful
2151,4,52.4,16.3,65.2,2.1,1,Pass,Successful
2151,19,64.7,2.3,68.2,10.2,1,Pass,Successful
2151,33,68.2,13.4,61,9.1,1,Pass,Successful
2151,4,65.7,9.7,64.7,38.3,1,Pass,Successful
2151,8,64.4,43.4,92.2,73.9,1,Pass,Successful
2151,35,88.5,73,70.5,72.6,1,Pass,Successful
2151,8,70.6,75.7,93.4,21.8,1,Pass,Successful
2151,33,93.3,21.8,77.5,23.3,1,Pass,Successful
2151,4,80.8,26.8,90.3,46.6,1,Pass,Unsuccessful
3070,10,11.1,54.2,29.4,39.5,1,Clearance,Successful
2151,26,70.6,68.1,85.7,93.6,2,Pass,Successful
2151,35,86.1,95.7,76.8,80.5,2,Pass,Successful
2151,8,76.8,80.5,90.1,52.2,2,Pass,Successful
2151,33,91,32.8,NA,NA,2,SavedShot,Successful
3070,6,1.6,53.8,NA,NA,2,Save,Successful
2151,35,97.6,53.2,NA,NA,2,Goal,Successful
3070,1,50.1,50,39.9,47.8,3,Pass,Successful
3070,14,46,46.8,30.8,54,3,Pass,Successful
3070,3,29.1,52.2,30.3,20.5,3,Pass,Successful
3070,31,23.5,14.7,41,4.4,3,Pass,Successful
3070,38,38.3,3.1,NA,NA,3,BallTouch,Unsuccessful
2151,35,55.4,100,60.5,92.9,3,Pass,Successful
2151,8,62,89.2,57.6,97.3,3,Pass,Successful
2151,35,57.4,96.2,41.9,70.3,3,Pass,Successful
2151,24,35.5,61.6,37.6,31.6,3,Pass,Successful
2151,4,39.7,31.4,61.3,7.3,3,Pass,Successful
2151,33,62.4,7,45.1,16.8,3,Pass,Successful
2151,4,45.7,17.6,33.4,33.6,3,Pass,Successful
2151,24,37.4,34,32.2,80.9,3,Pass,Successful
2151,26,32.5,77.9,29.9,38.9,4,Pass,Successful
2151,24,20.9,37.6,14.5,59,4,Pass,Successful
2151,23,15.7,41.3,21.5,15.5,4,Pass,Successful
2151,24,21.7,15,62.7,38.5,4,Pass,Unsuccessful
3070,10,40.3,67.5,76.3,58.8,4,Pass,Unsuccessful
2151,26,20.4,37.7,17.1,12,4,Pass,Successful
2151,4,16.4,12,13.6,17.9,4,Pass,Successful
2151,24,13.6,17.9,29.1,34.9,4,Pass,Successful
2151,8,29.1,34.9,31.9,35.4,4,Pass,Unsuccessful
3070,27,77.1,66.3,NA,NA,4,BlockedPass,Successful
2151,8,13.3,29.7,6.3,34,4,Pass,Successful
2151,24,6.3,34,12.6,9.7,4,Pass,Successful
2151,4,15,9.1,17.2,2.8,4,Pass,Successful
2151,19,15.8,2.3,9.9,18,4,Pass,Successful
2151,24,9.8,18,4.3,32.7,4,Pass,Successful
2151,23,7.4,26.7,51.5,14.3,4,Pass,Unsuccessful
3070,10,47.7,92.2,59,86.6,4,Pass,Unsuccessful
2151,19,42.7,18.4,50.7,20,4,Pass,Successful
2151,28,51.4,20.2,NA,NA,4,BallTouch,Successful
3070,12,27.3,67.8,NA,NA,4,BallRecovery,Successful
3070,12,27,50.6,33.9,20,4,Pass,Successful
3070,31,33.9,20,4.1,42.9,4,Pass,Successful
3070,6,5.1,48.8,11.8,82.5,5,Pass,Successful
3070,10,13,84.9,45.6,84.8,5,Pass,Unsuccessful
2151,4,56.6,15,67,32.1,5,Pass,Unsuccessful
3070,3,37.1,69.5,48.9,70.3,5,Pass,Successful
3070,1,48.9,70.3,NA,NA,5,BallTouch,Unsuccessful
2151,15,66.4,30.3,NA,NA,5,BallRecovery,Successful
2151,15,66.4,30.3,71.1,19.7,5,Pass,Successful
2151,33,61.7,18.4,67.2,36.5,5,Pass,Successful
2151,28,73,28.6,85.8,6.8,5,Pass,Successful
2151,33,88.5,5.3,82.1,10.3,5,Pass,Successful
2151,4,83.2,11.4,90.7,51.9,5,Pass,Unsuccessful
3070,10,12.2,52,33.2,55.5,5,Clearance,Successful
3070,1,33.2,55.5,NA,NA,5,BallRecovery,Successful
3070,1,33.2,55.5,31,64.6,5,Pass,Successful
3070,14,31,64.6,55.7,31.4,5,Pass,Successful
3070,1,59.1,26,67.6,28.8,5,Pass,Unsuccessful
2151,26,30.8,75,NA,NA,5,BallTouch,Unsuccessful
3070,38,86,32.4,NA,NA,5,SavedShot,Successful
2151,23,7.4,59.3,NA,NA,5,Save,Successful
2151,35,1.9,72.3,NA,NA,5,BallTouch,Unsuccessful
3070,38,94.9,29.5,NA,NA,5,CornerAwarded,Successful
2151,35,5.1,70.5,NA,NA,5,CornerAwarded,Unsuccessful
3070,16,99.5,0.5,92.7,53.8,6,Pass,Successful
3070,27,92.6,54.2,NA,NA,6,Aerial,Successful
2151,35,7.4,45.8,NA,NA,6,Aerial,Unsuccessful
3070,27,91.7,56.1,NA,NA,6,MissedShots,Successful
2151,23,3.4,43.3,8.7,28.3,6,Pass,Successful
2151,24,8.3,29.3,5.3,49.9,6,Pass,Successful
2151,23,7.6,50.7,14.9,30.1,6,Pass,Successful
2151,24,21.4,28.5,18.7,64.9,6,Pass,Successful
2151,23,18.7,64.9,24.3,79.3,6,Pass,Successful
2151,26,32.8,77.8,19.2,61.7,6,Pass,Successful
2151,23,23.2,52.5,58.1,0,6,Pass,Unsuccessful
3070,1,58.8,77.5,NA,NA,7,OffsideGiven,Unsuccessful
3070,16,44.3,100,39.3,94,7,Pass,Successful
3070,3,39.3,94,43.9,97.4,7,Pass,Successful
3070,16,38.2,95,NA,NA,7,TakeOn,Successful
2151,33,61.8,5,NA,NA,7,Challenge,Unsuccessful
3070,16,43,94.2,58.8,77.5,7,OffsidePass,Successful
2151,24,31.9,19.8,NA,NA,7,OffsideProvoked,Successful
2151,4,36.5,23.7,28.9,26.8,7,Pass,Successful
2151,24,32.9,27,31.1,48.2,7,Pass,Successful
2151,15,34.2,59.8,42.9,94.2,7,Pass,Successful
2151,35,44.2,94.8,59.6,70.6,7,Pass,Unsuccessful
3070,12,42.9,28,NA,NA,8,BallRecovery,Successful
3070,12,43.6,32.6,45.6,42.7,8,Pass,Successful
3070,3,47.1,35.4,45,8.9,8,Pass,Successful
3070,31,45,9.4,47.1,16.3,8,Pass,Successful
3070,27,48.1,16.5,55.9,5.2,8,Pass,Successful
3070,38,55.9,4.8,38.9,3.7,8,Pass,Successful
3070,31,40.5,24.6,23.2,29.3,8,Pass,Successful
3070,12,24.8,28,25.6,64,8,Pass,Successful
3070,10,26,67.2,31,92.9,8,Pass,Successful
3070,16,31.3,93.7,39.6,93.5,8,Pass,Successful
3070,29,39.6,93.5,33.8,77.4,8,Pass,Unsuccessful
2151,15,67.1,15.9,NA,NA,8,BallRecovery,Successful
2151,15,67.1,15.9,76.2,14.7,8,Pass,Successful
2151,19,76.2,14.7,67.9,30.3,8,Pass,Successful
2151,15,67.9,30.3,66.7,50.9,8,Pass,Successful
2151,8,67,53.4,77.1,76.1,8,Pass,Unsuccessful
3070,31,23,26.6,NA,NA,8,BallRecovery,Successful
3070,31,22.2,27.1,27.8,31.7,8,Pass,Successful
3070,27,31.6,33.4,84.9,68.8,8,Pass,Unsuccessful
2151,23,10.2,36.6,NA,NA,8,BallRecovery,Successful
2151,23,13.5,40.3,NA,NA,10,KeeperPickup,Successful
2151,23,14.6,47.6,NA,NA,10,Error,Successful
2151,23,13.2,42.8,35.7,52.2,10,Pass,Unsuccessful
3070,27,70.2,44,NA,NA,10,BallRecovery,Successful
3070,27,70.2,44,76.2,45.8,10,Pass,Successful
3070,14,81.1,47.8,NA,NA,10,SavedShot,Successful
2151,26,17.8,52.5,NA,NA,10,Save,Successful
3070,14,81.8,49.3,NA,NA,10,CornerAwarded,Successful
2151,26,18.2,50.7,NA,NA,10,CornerAwarded,Unsuccessful
3070,14,99.5,99.4,96.3,38.6,10,Pass,Successful
3070,27,95.2,39.2,NA,NA,10,Aerial,Successful
2151,35,4.8,60.8,NA,NA,10,Aerial,Unsuccessful
3070,27,95.5,39.2,NA,NA,10,MissedShots,Successful
2151,23,4.4,43.6,69.6,38.9,11,Pass,Unsuccessful
3070,12,30,60,NA,NA,11,Aerial,Successful
2151,28,70,40,NA,NA,11,Aerial,Unsuccessful
3070,12,29.4,56.3,43.6,65.2,11,Pass,Successful
3070,14,43.6,65.2,NA,NA,11,BallRecovery,Successful
3070,14,43.6,65.2,53.8,35.2,11,Pass,Unsuccessful
2151,35,49,70.8,NA,NA,11,BallRecovery,Successful
2151,35,51.3,71.1,63,72.9,11,Pass,Successful
2151,32,63,73,56.1,64.3,11,Pass,Successful
2151,8,54,67.2,57.7,76.7,11,Pass,Successful
2151,32,57.7,76.9,NA,NA,11,BallTouch,Unsuccessful
3070,38,41.8,17.7,41.7,21.7,11,Pass,Unsuccessful
2151,32,56.8,77.7,NA,NA,11,BlockedPass,Successful
3070,38,41.7,21.7,NA,NA,11,BallTouch,Successful
2151,32,49.7,88.6,32,83.7,11,Pass,Successful
2151,26,33.2,69.7,19.1,44.9,11,Pass,Successful
2151,23,19.1,45.4,26.7,61.1,11,Pass,Successful
2151,8,26.7,61.1,12.3,54.2,11,Pass,Successful
2151,23,12.6,42.8,38.2,26.7,11,Pass,Successful
2151,19,38.2,26.7,34.6,39.5,11,Pass,Successful
2151,15,37.4,35.5,46.9,50.4,11,Pass,Successful
2151,28,46.9,50.4,44.1,64.5,11,Pass,Successful
2151,8,44.1,64.9,69.7,96.8,11,Pass,Successful
2151,35,70.3,96.2,65.3,76.4,11,Pass,Successful
2151,8,65.3,76.7,79.2,96.6,11,Pass,Successful
2151,32,79.1,95.6,71.3,82.9,12,Pass,Successful
2151,8,63.2,81.4,67.2,73.2,12,Pass,Successful
2151,15,73.8,73.5,80.3,94.4,12,Pass,Successful
2151,35,80.4,94.2,77,83.3,12,Pass,Successful
2151,15,62.2,83.9,53,75.6,12,Pass,Successful
2151,26,67.8,84.1,75.9,16.4,12,Pass,Successful
2151,33,74.1,7.9,69.9,16.5,12,Pass,Successful
2151,4,69.9,16.5,65.5,26.7,12,Pass,Successful
2151,15,65.7,26.7,70,11.7,12,Pass,Successful
2151,19,67.6,17,77.4,20.6,12,Pass,Successful
2151,4,74.3,18.9,81.2,5.8,12,Pass,Successful
2151,33,83.4,4.3,74.9,19.2,12,Pass,Successful
2151,19,75.9,24.7,71.5,39.7,12,Pass,Successful
2151,8,73,36.4,NA,NA,12,Dispossessed,Successful
3070,1,27,63.6,NA,NA,12,Tackle,Successful
3070,14,28.5,70.6,NA,NA,12,BallRecovery,Successful
3070,14,32.3,76,43.1,90.8,12,Pass,Successful
3070,1,46.3,90.6,55.6,65.7,12,Pass,Unsuccessful
2151,26,42.3,41.5,NA,NA,12,BallRecovery,Successful
2151,26,44.2,42.1,57.8,32.2,12,Pass,Successful
2151,19,57.9,38.3,74.7,42.2,12,Pass,Unsuccessful
3070,10,22.1,62.2,25,50.2,12,Pass,Successful
3070,12,25,50.2,NA,NA,12,BallRecovery,Successful
3070,12,26,47.7,24.8,21.7,12,Pass,Successful
3070,31,24.8,21.7,27.8,27.8,12,Pass,Successful
3070,27,29.2,28.9,35.7,28.5,13,Pass,Successful
3070,14,45.6,10.9,54.5,3.8,13,Pass,Successful
3070,38,56.7,4,45,5.8,13,Pass,Successful
3070,31,45.8,9.2,32.2,29.2,13,Pass,Successful
3070,12,33,34.8,32.1,53.1,13,Pass,Successful
3070,10,32.5,56.2,35.9,87.7,13,Pass,Successful
3070,16,35.4,89.4,34.3,84.6,13,Pass,Unsuccessful
2151,33,70.5,13.4,NA,NA,13,BallTouch,Successful
3070,6,13.4,58,87,82.2,13,Pass,Unsuccessful
2151,23,13,18.2,NA,NA,13,BallRecovery,Successful
2151,23,13,18.2,27.3,30.3,13,Pass,Successful
2151,24,26.2,27.3,32.7,33.4,13,Pass,Successful
2151,15,32.7,33.4,29.8,18.5,13,Pass,Successful
2151,4,29.8,19.7,24.1,41.2,13,Pass,Successful
2151,24,27.8,50.9,32.1,38.8,13,Pass,Successful
2151,15,31.2,42.8,43.3,67.6,13,Pass,Successful
2151,32,43.3,67.5,35.9,79.3,13,Pass,Successful
2151,8,36.9,80,73.6,63.9,13,Pass,Unsuccessful
3070,10,24.4,30.5,21.4,24.5,13,Clearance,Successful
3070,31,15.3,15.7,NA,NA,13,BallRecovery,Successful
3070,31,21,9.1,28.4,26.5,13,Pass,Successful
3070,27,30.1,49.2,33.8,84.9,13,Pass,Successful
3070,29,36,85.5,25.5,85.1,14,Pass,Successful
3070,16,25.5,85.1,30.6,91.2,14,Pass,Successful
3070,29,28.3,90,21.7,66.3,14,Pass,Successful
3070,10,21.5,62.8,23.1,29.7,14,Pass,Successful
3070,12,24.6,26,32.1,2.8,14,Pass,Successful
3070,31,32.1,2.8,43.3,4.5,14,Pass,Successful
3070,1,43.3,4.5,64.4,4.2,14,Pass,Successful
3070,38,91.6,40.5,NA,NA,14,MissedShots,Successful
2151,4,8.6,34.3,NA,NA,14,BallRecovery,Successful
2151,4,3.4,16.3,14.5,0,14,Clearance,Successful
3070,16,84.1,100,74.4,95.2,15,Pass,Successful
3070,3,74.4,95.2,78.7,96.5,15,Pass,Successful
3070,16,78.7,96.5,86.4,96.6,15,Pass,Successful
3070,29,86.4,96.6,96,94.2,15,Pass,Unsuccessful
2151,15,8.3,7.7,NA,NA,15,BallRecovery,Successful
2151,15,5.6,2.5,16.9,2,15,Pass,Unsuccessful
3070,29,94.2,94.5,NA,NA,15,BallRecovery,Successful
3070,29,94.4,96.2,NA,NA,15,TakeOn,Successful
2151,4,5.6,3.8,NA,NA,15,Challenge,Unsuccessful
3070,29,98,90,NA,NA,15,TakeOn,Unsuccessful
2151,15,2,10,NA,NA,15,Tackle,Successful
3070,29,99,88.1,NA,NA,15,CornerAwarded,Successful
2151,15,1,11.9,NA,NA,15,CornerAwarded,Unsuccessful
3070,14,99.5,99.5,91.5,92.9,15,Pass,Successful
3070,16,90.5,91.8,83.2,86.3,15,Pass,Successful
3070,14,83.1,86.3,100,27.1,15,Pass,Unsuccessful
2151,23,4.4,42.1,64.1,4.7,16,Pass,Unsuccessful
3070,16,37.8,91.4,47.9,100,16,Clearance,Successful
2151,4,51.8,0,34.6,11.7,16,Pass,Successful
2151,24,28.5,15.8,13.4,46.1,16,Pass,Successful
2151,23,13.4,46.1,21.5,18,16,Pass,Successful
2151,24,21.2,21.8,11,47.5,16,Pass,Successful
2151,23,11.4,47.2,28.4,44.2,16,Pass,Successful
2151,15,27.7,45.5,10.2,44.5,16,Pass,Successful
2151,23,9.1,44.5,21.4,38,16,Pass,Successful
2151,15,22.3,31.2,37.4,62.7,16,Pass,Successful
2151,8,40.1,65.7,56.9,73,16,Pass,Successful
2151,28,73.8,66.8,NA,NA,17,Foul,Successful
3070,38,26.2,33.2,NA,NA,17,Foul,Unsuccessful
2151,19,76.7,62.6,NA,NA,18,MissedShots,Successful
3070,6,4.6,48.9,9.4,66.9,18,Pass,Successful
3070,10,10,57.4,8.9,22,18,Pass,Successful
3070,12,9.7,18.9,47.3,8.6,18,Pass,Unsuccessful
2151,35,54.5,89.9,NA,NA,18,Aerial,Successful
3070,38,45.5,10.1,NA,NA,18,Aerial,Unsuccessful
2151,35,56.3,88.4,71,77.8,18,Pass,Unsuccessful
3070,3,33.1,26.3,32.3,22,18,Pass,Successful
3070,27,32.5,30.6,25.3,49.8,18,Pass,Successful
3070,10,24.3,53.5,29.4,40.6,19,Pass,Successful
3070,3,32.5,39.1,40.1,34.5,19,Pass,Successful
3070,14,38,31.1,NA,NA,19,TakeOn,Unsuccessful
2151,32,62,68.9,NA,NA,19,Tackle,Successful
2151,8,60.8,64,NA,NA,19,Dispossessed,Successful
3070,27,39.2,36,NA,NA,19,Tackle,Unsuccessful
2151,8,56.4,68.2,NA,NA,19,BallTouch,Successful
2151,28,64.7,68.1,NA,NA,19,BallRecovery,Successful
2151,28,64.8,66.2,NA,NA,19,TakeOn,Unsuccessful
3070,14,35.2,33.8,NA,NA,19,Tackle,Successful
3070,10,23.9,50.5,NA,NA,19,BallRecovery,Successful
3070,10,23.9,50.5,7.9,52.2,19,Pass,Successful
3070,6,8.4,53.1,13.8,60,19,Pass,Successful
3070,10,14.7,62.6,20.9,84.8,19,Pass,Successful
3070,16,20.9,84.8,37.6,92.5,19,Pass,Successful
3070,29,40.1,92.5,NA,NA,19,BallTouch,Unsuccessful
2151,4,60.2,6.1,NA,NA,19,BallTouch,Successful
2151,24,54.6,7.7,NA,NA,19,BallTouch,Unsuccessful
3070,16,46.9,100,38.6,93.8,19,Pass,Successful
3070,3,38.6,93.8,46.5,96.2,19,Pass,Successful
3070,16,47.1,96.2,55,88.6,19,Pass,Unsuccessful
3070,29,58.8,79.5,44.7,76.9,19,Pass,Successful
3070,3,44.1,74.6,54.2,51.1,19,Pass,Successful
3070,1,54.2,51.1,47.2,29.5,19,Pass,Successful
3070,31,54.6,25.4,64.1,3.7,19,Pass,Successful
3070,38,71.5,7.4,79.5,22.9,19,Pass,Successful
3070,1,79.5,22.9,86.4,9.8,19,Pass,Successful
3070,31,86.4,9.8,86.7,27.5,19,Pass,Successful
3070,1,88.7,29.6,NA,NA,19,MissedShots,Successful
2151,23,3.7,45.8,55.4,7.3,20,Pass,Unsuccessful
3070,16,40.4,93.6,NA,NA,20,Aerial,Successful
2151,33,59.6,6.4,NA,NA,20,Aerial,Unsuccessful
3070,16,36.1,94.5,41.4,72.2,20,Pass,Successful
3070,27,41.4,72.2,NA,NA,20,BallRecovery,Successful
3070,27,44.4,74.2,NA,NA,20,Foul,Successful
2151,19,55.6,25.8,NA,NA,20,Foul,Unsuccessful
3070,3,43.3,75.1,44.2,66.6,20,Pass,Successful
3070,27,44.2,66.6,38.4,74.2,20,Pass,Successful
3070,10,35.4,72.3,30.6,36,20,Pass,Successful
3070,12,32.4,34.2,37.5,8.8,20,Pass,Successful
3070,31,38.6,8.6,79.8,30.9,20,Pass,Successful
3070,1,79.8,30.9,NA,NA,21,BallTouch,Unsuccessful
2151,23,13.5,64,NA,NA,21,KeeperPickup,Successful
2151,23,13.9,62.6,26.4,47.3,21,Pass,Successful
2151,15,26.3,47,32.2,19.2,21,Pass,Successful
2151,33,33.2,20.4,NA,NA,21,Foul,Successful
3070,16,66.8,79.6,NA,NA,21,Foul,Unsuccessful
2151,33,31,31.3,39.6,9.8,21,Pass,Successful
2151,19,39,12.5,45.4,30.9,21,Pass,Successful
2151,15,46,28.3,39.3,47.2,21,Pass,Successful
2151,8,44.1,49.9,39.9,23.3,21,Pass,Successful
2151,24,40.6,31.8,43,47.4,21,Pass,Successful
2151,8,43.7,53,53.6,59.3,21,Pass,Successful
2151,32,53.6,59.3,40.1,93.3,21,Pass,Successful
2151,26,40.4,93.5,40.9,71.1,21,Pass,Successful
2151,8,46.4,65.8,43.9,29.7,21,Pass,Successful
2151,24,44,29.7,44.6,8,21,Pass,Successful
2151,4,42.4,14.9,40.7,37.7,21,Pass,Successful
2151,8,38.2,37.4,38.2,69,21,Pass,Successful
2151,26,48,74.4,60.5,87.8,21,Pass,Successful
2151,32,79.8,97.5,78.8,97.7,21,Pass,Unsuccessful
3070,38,27.9,3.7,NA,NA,21,BlockedPass,Successful
2151,35,77.4,100,76.5,93.6,22,Pass,Successful
2151,8,72.8,90.5,71.2,96.4,22,Pass,Successful
2151,35,71.6,77.2,66,63.9,22,Pass,Unsuccessful
3070,14,34.9,42,NA,NA,22,BallRecovery,Successful
3070,14,47.4,70.3,58,91.2,22,Pass,Successful
3070,29,76,80.2,NA,NA,22,TakeOn,Successful
2151,19,24,19.8,NA,NA,22,Challenge,Unsuccessful
3070,29,89.6,77.8,NA,NA,22,TakeOn,Unsuccessful
2151,4,10.4,22.2,NA,NA,22,BallTouch,Successful
2151,19,17,27,NA,NA,22,BallRecovery,Successful
2151,19,20.1,29.7,19.8,55.7,22,Pass,Successful
2151,8,23.2,61.1,29.8,13.8,22,Pass,Successful
2151,4,30.6,13.8,46.4,11.9,22,Pass,Successful
2151,19,58.4,29.1,46,60.6,22,Pass,Successful
2151,26,52.6,74.8,56,64,22,Pass,Successful
2151,8,56.2,64,51.2,78.1,22,Pass,Successful
2151,26,51.9,78.1,51.7,69.9,22,Pass,Successful
2151,8,51.7,69.9,51.8,84.1,22,Pass,Successful
2151,26,54.3,87.1,60.8,97.8,22,Pass,Successful
2151,35,58.8,97.1,38.4,92.7,22,Pass,Successful
2151,26,35.8,91.2,19.4,67.2,23,Pass,Successful
2151,23,19.8,64.6,27.5,88.1,23,Pass,Successful
2151,35,27.5,87.7,31.1,66.4,23,Pass,Successful
2151,8,31.3,64.2,30.3,26.1,23,Pass,Successful
2151,4,29.4,26.1,34.9,21.8,23,Pass,Unsuccessful
3070,29,63.3,91.1,NA,NA,23,Interception,Successful
3070,29,66.4,93.8,NA,NA,23,BallRecovery,Successful
3070,29,89.9,81.4,75.1,66.9,23,Pass,Successful
3070,14,75.1,66.9,79,71.5,23,Pass,Successful
3070,1,79.8,71.5,72.9,60.9,23,Pass,Successful
3070,14,72.7,60.9,74.1,36,23,Pass,Successful
3070,31,75.6,30.6,NA,NA,23,ShotOnPost,Successful
3070,29,90.6,71.4,89.1,63.1,23,Pass,Successful
3070,1,89.1,63.1,87.9,58.2,23,Pass,Unsuccessful
2151,15,11.5,44.3,NA,NA,23,BallTouch,Successful
2151,26,12.4,49.7,62.2,1.7,23,Clearance,Successful
3070,10,42.2,88.3,35.3,48.5,23,Pass,Successful
3070,12,35.8,44.8,37.3,61.8,23,Pass,Successful
3070,3,48.5,46.3,55,5.1,23,Pass,Successful
3070,31,58,4.2,65.6,3.4,23,Pass,Successful
3070,38,68.6,3.4,58.7,11.1,24,Pass,Successful
3070,3,58.7,11.1,58.3,4.9,24,Pass,Successful
3070,31,57.8,4.9,41,22.9,24,Pass,Successful
3070,12,41.4,27.7,38,60,24,Pass,Successful
3070,10,39.8,68.8,43.2,90.6,24,Pass,Successful
3070,16,44,90.6,55,94.8,24,Pass,Successful
3070,29,53.5,94.3,65.8,90.8,24,Pass,Unsuccessful
2151,33,36.4,6.5,NA,NA,24,BallRecovery,Successful
2151,33,44.6,14.1,42.2,26.5,24,Pass,Successful
2151,15,45.1,20.9,41.3,8.2,24,Pass,Successful
2151,4,41.3,8.5,35.1,32.2,24,Pass,Successful
2151,24,34.9,32.5,40.1,42.1,24,Pass,Successful
2151,8,39.6,41.9,40.6,26.7,24,Pass,Successful
2151,15,41.6,30.7,58.3,46.7,24,Pass,Successful
2151,19,64,48.7,73.4,37.1,24,Pass,Successful
2151,28,73.4,37.1,73.9,66.4,24,Pass,Successful
2151,32,74.1,66.3,88.2,87.2,24,Pass,Successful
2151,35,88.6,86.3,84.2,52.1,24,Pass,Unsuccessful
3070,27,24.3,42.3,NA,NA,24,BallTouch,Unsuccessful
2151,32,75.4,66.4,69.4,50.7,24,Pass,Successful
2151,15,69.4,50.7,78.2,41,24,Pass,Successful
2151,19,78.2,41,90.4,44.5,24,Pass,Successful
2151,28,90.5,44.8,NA,NA,24,SavedShot,Successful
3070,6,1.8,50.8,NA,NA,24,Save,Successful
3070,38,25.2,16.2,NA,NA,24,Aerial,Successful
2151,35,74.8,83.8,NA,NA,24,Aerial,Unsuccessful
3070,38,22.1,25.4,28.8,0,24,Clearance,Successful
2151,35,67.4,100,65.5,90.9,25,Pass,Successful
2151,8,63.7,94.4,62.5,96.6,25,Pass,Successful
2151,35,59,96.4,43.3,95.2,25,Pass,Successful
2151,26,36.2,80.8,30.8,51.3,25,Pass,Successful
2151,24,30.8,51.3,34,25.3,25,Pass,Successful
2151,4,36,20.9,33.5,37.3,25,Pass,Successful
2151,24,33.8,38.5,40,16.7,25,Pass,Successful
2151,4,40,16.7,53.5,3.8,25,Pass,Successful
2151,19,43.7,7.9,34.5,32.8,25,Pass,Successful
2151,24,34.5,32.8,42.4,39.8,25,Pass,Successful
2151,8,56,77.3,56,96.6,25,Pass,Successful
2151,35,56,96.6,38.5,91.1,25,Pass,Successful
2151,26,39,90.2,46,52.4,25,Pass,Successful
2151,15,47.7,46,52.2,18,25,Pass,Successful
2151,4,52.2,18,55.9,32.7,25,Pass,Successful
2151,15,54.4,30.4,54.7,48.7,25,Pass,Successful
2151,8,54.7,48.7,41.4,32.7,25,Pass,Successful
2151,24,43.5,30.9,60.3,41.5,25,Pass,Successful
2151,28,60.3,41.5,45,47.8,25,Pass,Successful
2151,15,45,47.8,56.2,61.5,25,Pass,Successful
2151,8,43,67.6,49,58.1,26,Pass,Successful
2151,15,50.1,57.2,45.1,70.3,26,Pass,Successful
2151,8,50.4,67.2,58.7,62.3,26,Pass,Successful
2151,28,58.4,64.3,52.4,60,26,Pass,Successful
2151,15,52.9,56.4,53.3,86.9,26,Pass,Successful
2151,26,53.3,86.9,38.4,76.4,26,Pass,Successful
2151,8,36.3,75.7,19.1,63.7,26,Pass,Successful
2151,23,18.5,64.3,26.4,76.7,26,Pass,Successful
2151,8,25.7,76.1,32.2,69.1,26,Pass,Successful
2151,32,31.8,69.9,27.1,58.4,26,Pass,Successful
2151,15,35.3,43.1,54.9,31.6,26,Pass,Successful
2151,19,55.9,29.7,71.4,6.5,26,Pass,Successful
2151,33,80.6,27.7,78.8,41,26,Pass,Successful
2151,19,77.5,42.5,88.6,47.6,26,Pass,Successful
2151,33,89.1,44.8,NA,NA,26,Foul,Successful
3070,16,10.9,55.2,NA,NA,26,Foul,Unsuccessful
3070,16,0,0,NA,NA,30,Card,Successful
3070,6,0,0,NA,NA,31,PenaltyFaced,Unsuccessful
2151,33,88.5,50,NA,NA,31,Goal,Successful
3070,14,50.1,50,34.6,50.6,32,Pass,Successful
3070,3,43.6,47.6,34.3,37.5,32,Pass,Successful
3070,12,28.1,39.8,26.4,81,32,Pass,Successful
3070,10,24,78.3,35.9,72.9,32,Pass,Unsuccessful
2151,15,63.9,24.9,NA,NA,32,BallRecovery,Successful
2151,15,63.9,24.9,93.9,42.5,32,Pass,Unsuccessful
3070,6,9.6,55.8,NA,NA,32,KeeperPickup,Successful
3070,6,10.1,54.5,25.8,11.2,32,Pass,Successful
3070,31,27.7,10.8,14.2,23.4,32,Pass,Successful
3070,12,14,23.4,23.7,3.1,32,Pass,Successful
3070,31,25.1,2.3,35.1,5.8,32,Pass,Unsuccessful
2151,35,63.1,91.5,NA,NA,32,BallRecovery,Successful
2151,35,63.1,91.5,75.1,90.8,32,Pass,Unsuccessful
3070,31,23.8,6.6,NA,NA,32,BallRecovery,Successful
3070,31,24,11.2,53.5,47.4,32,Pass,Successful
3070,1,54.1,48.2,NA,NA,32,Aerial,Successful
2151,26,45.9,51.8,NA,NA,32,Aerial,Unsuccessful
3070,1,53.5,47.4,NA,NA,32,BallTouch,Successful
3070,29,67.1,51.2,80.4,73.4,32,Pass,Successful
3070,1,93.8,72.5,77.5,81.8,32,Pass,Successful
3070,16,77.2,82.5,87.1,90,33,Pass,Successful
3070,29,80,74.5,75.2,81.1,33,Pass,Successful
3070,3,76.3,81.2,93.6,45.2,33,Pass,Successful
3070,1,93.5,48,NA,NA,33,Goal,Successful
2151,19,49.9,49.9,28.5,50.9,33,Pass,Successful
2151,23,33,41.9,71.9,6.4,33,Pass,Unsuccessful
3070,16,29,94.4,NA,NA,33,Aerial,Successful
2151,4,71,5.6,NA,NA,33,Aerial,Unsuccessful
3070,16,32.2,98.3,44.4,90.7,33,Clearance,Successful
2151,24,38.8,24.7,20.4,40.4,35,Pass,Successful
2151,23,20.7,41.9,24.1,30.7,35,Pass,Successful
2151,24,24.6,30,14.1,51.6,35,Pass,Successful
2151,23,16.3,53.4,15.6,37,35,Pass,Successful
2151,24,15.7,37.1,10.3,54.8,35,Pass,Successful
2151,23,10.3,54.9,9.8,34.8,35,Pass,Successful
2151,24,9.8,34.8,19.4,41.2,35,Pass,Successful
2151,15,19.3,41.2,16.6,10.9,35,Pass,Successful
2151,4,16.6,10.9,29.3,14.7,35,Pass,Unsuccessful
3070,29,74.8,87.2,NA,NA,35,Interception,Successful
3070,29,75.4,90,NA,NA,35,BallRecovery,Successful
3070,29,70.7,92.5,67.7,82.2,36,Pass,Successful
3070,14,66.5,78,93.8,28,36,Pass,Successful
3070,1,91.2,32.4,NA,NA,36,SavedShot,Successful
2151,35,8.6,70.2,NA,NA,36,Save,Successful
3070,1,92.3,32.8,NA,NA,36,BallTouch,Successful
2151,23,3,59.4,NA,NA,36,KeeperPickup,Successful
2151,23,13.1,48.7,14.5,33.4,36,Pass,Successful
2151,24,19.8,33.8,22.9,42.3,36,Pass,Successful
2151,15,25,49.7,30,70.9,36,Pass,Successful
2151,8,31.5,71.1,39.9,66.9,36,Pass,Successful
2151,28,39.6,65.8,32.4,40.1,36,Pass,Successful
2151,15,38.9,33.2,37.7,49.9,36,Pass,Successful
2151,8,44.3,70.2,59.8,96.6,36,Pass,Successful
2151,35,59.8,96,64.8,81.1,36,Pass,Successful
2151,32,64.8,81.1,58.5,83.5,36,Pass,Successful
2151,8,61.8,83,53.7,64.6,36,Pass,Successful
2151,15,50.8,58.1,61.5,7.9,36,Pass,Successful
2151,33,65.3,6.8,53.4,12.8,36,Pass,Successful
2151,4,52.5,12.9,35.2,19.5,37,Pass,Successful
2151,24,35.1,20.9,26.4,55.5,37,Pass,Successful
2151,23,25.7,52.7,94.3,10.1,37,Pass,Unsuccessful
3070,16,6.5,85.1,NA,NA,37,BallRecovery,Successful
3070,16,2.8,94.9,6.9,96.3,37,Pass,Unsuccessful
2151,33,94.2,5.5,NA,NA,37,BlockedPass,Successful
3070,16,4,100,18.2,96.4,37,Pass,Successful
3070,14,15.9,95.7,26.8,84.2,37,Pass,Unsuccessful
2151,8,69.5,17.3,NA,NA,37,Aerial,Successful
3070,1,30.5,82.7,NA,NA,37,Aerial,Unsuccessful
2151,8,63.7,19.2,65.6,5.9,37,Pass,Successful
2151,4,65.9,6.4,NA,NA,37,BallRecovery,Successful
2151,4,65.9,6.4,52.9,7.7,37,Pass,Successful
2151,24,53,7.7,46.6,38.6,37,Pass,Successful
2151,26,53.8,43.7,70.2,90,37,Pass,Successful
2151,35,70.9,80.2,54.6,77.8,37,Pass,Successful
2151,8,53.8,76.9,45.3,61.8,37,Pass,Successful
2151,26,44.9,62.9,62.4,61.4,38,Pass,Successful
2151,28,59.9,61.1,55,18.5,38,Pass,Successful
2151,4,55,18.6,77.2,4.1,38,Pass,Successful
2151,33,84.4,13.1,96.3,14.3,38,Pass,Successful
2151,4,98.1,10,88.8,6.7,38,Pass,Successful
2151,33,86.6,7.3,72.2,27.9,38,Pass,Successful
2151,15,69.7,27.3,78.4,28.5,38,Pass,Successful
2151,19,76,23.9,87,13.5,38,Pass,Successful
2151,33,87.9,15.6,72.7,34.3,38,Pass,Successful
2151,15,76.4,32.2,NA,NA,38,SavedShot,Successful
3070,6,1.5,51.1,NA,NA,38,Save,Successful
3070,6,11.2,57.7,NA,NA,38,CornerAwarded,Unsuccessful
2151,15,88.8,42.3,NA,NA,38,CornerAwarded,Successful
2151,4,99.5,99.5,93.6,55.4,39,Pass,Unsuccessful
3070,27,4.8,50.6,12.1,56.3,39,Clearance,Successful
2151,33,86,41.7,NA,NA,39,SavedShot,Successful
3070,38,2.9,50,NA,NA,39,Save,Successful
2151,35,95.2,49.6,NA,NA,39,BallTouch,Successful
2151,33,90.9,43.3,NA,NA,39,SavedShot,Successful
3070,31,7.2,56.3,NA,NA,39,Save,Successful
2151,32,92.7,14.6,78.8,17.1,39,Pass,Successful
2151,19,73.7,24.6,91.8,58.5,39,Pass,Successful
2151,26,90.5,59.4,NA,NA,39,MissedShots,Successful
3070,6,3.4,39,15.4,12,39,Pass,Successful
3070,14,26.1,11.3,18.5,8.4,39,Pass,Successful
3070,31,20.7,10.8,3,47.6,39,Pass,Successful
3070,6,5,54.5,9.5,82.8,39,Pass,Successful
3070,10,21.1,89.2,25.1,97.8,39,Pass,Successful
3070,16,25.1,97.8,33.9,93.5,39,Pass,Successful
3070,10,33.9,93.5,38.4,90.2,39,Pass,Unsuccessful
2151,24,61.6,13.8,NA,NA,39,BallTouch,Successful
3070,10,41.9,91.7,44.7,85.5,39,Pass,Successful
3070,1,44.7,85.5,36.6,86.6,39,Pass,Unsuccessful
2151,33,63.2,16.1,NA,NA,39,BallRecovery,Successful
2151,33,63.2,16.2,52.7,34.5,39,Pass,Successful
2151,8,52.2,39.2,35.7,48.7,40,Pass,Successful
2151,26,29.1,64.5,13.5,50.4,40,Pass,Successful
2151,23,13.6,50.7,22.6,70.5,40,Pass,Successful
2151,26,25.9,60.9,30.8,52.7,40,Pass,Successful
2151,8,33.7,53.9,29.6,68.4,40,Pass,Successful
2151,26,22.8,73.3,32.3,54.3,40,Pass,Successful
2151,8,31.9,54.6,28,31.9,40,Pass,Successful
2151,24,28,31.9,31.5,13.7,40,Pass,Successful
2151,4,31.5,15.3,25.2,30.6,40,Pass,Successful
2151,24,24.9,29.8,38.2,35.5,40,Pass,Successful
2151,15,38.2,35.4,40.8,25.8,40,Pass,Unsuccessful
3070,3,58,76.8,NA,NA,40,Interception,Successful
3070,29,63.2,89.2,NA,NA,40,BallRecovery,Successful
3070,29,86.9,95.2,84.6,90.1,40,Pass,Unsuccessful
2151,15,12.7,11.8,NA,NA,40,Interception,Successful
3070,29,88.4,86.2,NA,NA,40,CornerAwarded,Successful
2151,15,11.6,13.8,NA,NA,40,CornerAwarded,Unsuccessful
3070,14,99.5,99.5,96.1,40.3,41,Pass,Unsuccessful
2151,23,6.1,58.7,NA,NA,41,Claim,Successful
2151,23,13.5,52.4,NA,NA,41,KeeperPickup,Successful
2151,23,10.5,55.7,20,32.8,41,Pass,Successful
2151,24,20.7,34.2,18.8,76.1,41,Pass,Successful
2151,26,18.8,73.2,12,54.6,41,Pass,Successful
2151,23,14.1,52.1,15.4,34.5,41,Pass,Successful
2151,24,22.1,34.2,38,38.6,41,Pass,Successful
2151,28,36.1,33.9,50.6,14.7,42,Pass,Successful
2151,33,50.6,14.7,73.9,26.7,42,Pass,Unsuccessful
3070,10,35.7,76.2,NA,NA,42,BallRecovery,Successful
3070,10,32.3,76,7.5,45.7,42,Pass,Successful
3070,6,7.5,45.7,20.5,51.4,42,Pass,Successful
3070,12,20.5,51.4,9.3,73.2,42,Pass,Successful
3070,10,8.5,70.5,37.1,4.8,42,Pass,Successful
3070,38,37.2,6.6,NA,NA,42,Foul,Successful
2151,35,62.8,93.4,NA,NA,42,Foul,Unsuccessful
3070,31,34.4,6.8,19,18.3,42,Pass,Successful
3070,12,18.5,19.5,27.9,23.2,42,Pass,Successful
3070,3,27.3,24.2,35.1,23.5,42,Pass,Successful
3070,27,52.3,17.4,62.7,4.9,42,Pass,Successful
3070,38,68.9,7.8,83.5,11.2,42,Pass,Successful
3070,29,83.8,11.2,NA,NA,42,BallTouch,Unsuccessful
2151,23,4.6,44.6,69.1,26.7,43,Pass,Unsuccessful
3070,16,31.2,84,NA,NA,43,Interception,Successful
2151,19,62.7,10.8,NA,NA,43,Dispossessed,Successful
3070,14,37.3,89.2,NA,NA,43,Tackle,Successful
3070,3,31.5,83.4,NA,NA,43,BallTouch,Unsuccessful
2151,33,64.3,13.5,81.3,9.2,43,Pass,Successful
2151,28,87.6,6.8,NA,NA,43,Dispossessed,Successful
3070,16,12.4,93.2,NA,NA,43,Tackle,Successful
2151,4,83.6,0,97.2,17.4,43,Pass,Successful
2151,28,97.2,17.4,89.1,26.7,43,Pass,Unsuccessful
3070,3,9,74.3,NA,NA,44,Interception,Successful
3070,10,7.9,75.2,NA,NA,44,BallRecovery,Successful
3070,10,9.4,75.7,11,89.8,44,Pass,Successful
3070,29,12.1,90.8,8.6,91.2,44,Pass,Successful
3070,16,8.6,91.2,24.4,85.4,44,Pass,Unsuccessful
2151,19,75.6,14.5,NA,NA,44,Interception,Successful
2151,8,63.4,19.4,73.3,11.3,44,Pass,Successful
2151,19,73.4,11.6,NA,NA,44,BallRecovery,Successful
2151,19,76.5,13.7,NA,NA,44,BallTouch,Unsuccessful
3070,16,13.3,86.5,NA,NA,44,BallRecovery,Successful
3070,16,13.9,86.8,21.9,83.2,44,Pass,Successful
3070,3,25.2,84.2,23.5,92.9,44,Pass,Successful
3070,16,23.9,92.9,35.9,90.9,44,Pass,Unsuccessful
2151,15,65.8,9.5,NA,NA,44,Interception,Successful
3070,16,46,100,57.5,87.4,44,Pass,Successful
3070,3,57.5,87.4,65.3,62.5,44,Pass,Unsuccessful
2151,26,35.8,40.6,NA,NA,44,BallRecovery,Successful
2151,26,35.3,39.8,47.1,53.7,44,Pass,Unsuccessful
3070,31,55.8,46.3,73.9,62.8,44,Pass,Unsuccessful
2151,24,20.5,32.1,6.4,25.8,44,Pass,Successful
2151,23,7,25.8,NA,NA,44,KeeperPickup,Successful
2151,23,20,37.3,81.9,27.7,45,Pass,Unsuccessful
3070,10,23.7,67.8,31.4,69.7,45,Pass,Successful
3070,3,31.4,69.7,NA,NA,45,BallRecovery,Successful
3070,3,31.4,69.7,33.8,60.8,45,Pass,Successful
3070,27,33.8,60.8,39.3,73.8,45,Pass,Unsuccessful
2151,4,58.1,25.2,68.6,14,45,Pass,Successful
2151,19,68.2,13.8,NA,NA,45,BallRecovery,Successful
2151,19,68.2,13.8,75.9,19.4,45,Pass,Successful
2151,33,74.3,18.2,77,24.4,45,Pass,Successful
2151,28,77,24.4,88,8.8,45,Pass,Successful
2151,19,75.2,19.1,94.4,54.2,45,Pass,Unsuccessful
3070,12,9.3,48,13.1,26.9,45,Clearance,Successful
2151,32,92,81.2,69.4,85.1,45,Pass,Successful
2151,35,69.2,85.3,69.2,71.7,45,Pass,Successful
2151,8,69.2,73.3,83.5,92.6,45,Pass,Successful
2151,32,83,91.7,91.4,52.1,45,Pass,Unsuccessful
3070,10,8.9,46.5,19.9,5.7,45,Clearance,Successful
3070,38,19.9,5.7,22.1,0,45,Clearance,Successful
2151,32,72.1,100,70.2,86.9,45,Pass,Successful
2151,8,69.2,87.7,70.3,97.7,45,Pass,Successful
2151,32,70.3,97.7,41.6,89.7,45,Pass,Successful
2151,26,37.4,89.6,27.6,67.8,45,Pass,Successful
2151,23,27.6,67.8,27.3,35.4,45,Pass,Successful
2151,24,40.5,32.1,85.8,96.8,46,Pass,Successful
2151,35,85.8,96.8,NA,NA,46,BallTouch,Unsuccessful
3070,31,12.3,8.3,NA,NA,46,BallRecovery,Successful
3070,31,12.2,9.4,27.2,5.7,46,Pass,Successful
3070,38,24.4,9.8,NA,NA,46,Dispossessed,Successful
2151,35,75.6,90.2,NA,NA,46,Tackle,Successful
2151,15,63.7,82,NA,NA,46,BallRecovery,Successful
2151,15,60.7,76.4,46.9,74.2,46,Pass,Successful
2151,26,46.9,74.2,55.3,71.4,46,Pass,Successful
2151,15,55.3,71.4,43.1,75.6,46,Pass,Successful
2151,26,43.8,74.4,42,49.4,46,Pass,Successful
2151,24,40.6,37.6,34.7,12.8,46,Pass,Successful
2151,4,31.4,8,13.6,25.8,46,Pass,Successful
2151,23,13.5,23,22.2,0,46,Pass,Unsuccessful
3070,29,68.8,100,71.2,92.9,46,Pass,Successful
3070,14,71.2,92.9,63.1,97.8,46,Pass,Successful
3070,16,62.1,97.4,66.4,93.7,46,Pass,Successful
3070,14,66.8,93.8,67.3,84.5,46,Pass,Successful
3070,16,80.8,81.8,NA,NA,46,SavedShot,Successful
2151,23,1.2,48.1,NA,NA,46,Save,Successful
2151,4,5.3,32.5,0,23.4,46,Clearance,Successful
3070,16,90.2,76.2,NA,NA,46,CornerAwarded,Successful
2151,4,9.8,23.8,NA,NA,46,CornerAwarded,Unsuccessful
3070,16,99.5,99.5,93.9,55.2,47,Pass,Unsuccessful
2151,8,5.2,44.3,20.7,69.6,47,Clearance,Successful
3070,14,76.5,32,NA,NA,47,SavedShot,Successful
2151,26,14,59.3,NA,NA,47,Save,Successful
2151,35,14.2,89,NA,NA,47,BallRecovery,Successful
2151,35,13.6,89.6,38.5,93.2,47,Pass,Successful
2151,32,74.3,82.1,76.4,67.2,47,Pass,Successful
2151,33,76.4,67.2,82.1,73.8,47,Pass,Successful
2151,32,81.2,71.5,86.5,55.5,47,Pass,Successful
2151,28,86.9,53.2,80.2,43.1,47,Pass,Successful
2151,19,79.3,44.7,NA,NA,47,SavedShot,Successful
3070,6,1.8,50.6,NA,NA,47,Save,Successful
2151,35,86,69.9,NA,NA,47,MissedShots,Successful
3070,6,5.2,52.5,55.7,84.6,48,Pass,Successful
3070,1,57.2,81.1,NA,NA,48,Aerial,Successful
2151,8,42.8,18.9,NA,NA,48,Aerial,Unsuccessful
3070,1,55.7,84.6,67.9,68.6,48,Pass,Unsuccessful
2151,26,38.6,27.4,NA,NA,48,BallRecovery,Successful
2151,26,38.6,27.4,70.3,0,48,Pass,Unsuccessful
3070,16,0,0,NA,NA,48,ShieldBallOpp,Successful
3070,16,28.6,100,39.5,92.5,48,Pass,Successful
3070,3,39.5,92.5,29.6,95.7,48,Pass,Successful
3070,16,28.6,95.5,8.3,53.8,48,Pass,Successful
3070,6,8.6,54.2,11.1,83.8,48,Pass,Successful
3070,10,11.3,85.8,21,93.7,48,Pass,Successful
3070,16,22.2,94.5,44,79.4,48,Pass,Unsuccessful
2151,24,59,18.4,NA,NA,49,BallRecovery,Successful
2151,24,64.2,21.3,73.2,22.2,49,Pass,Unsuccessful
3070,29,36.5,77.2,NA,NA,49,Interception,Successful
3070,29,36.5,77.2,NA,NA,49,BallRecovery,Successful
3070,29,33.3,78.7,37.7,78.5,49,Pass,Unsuccessful
2151,24,71.4,23.1,NA,NA,49,BlockedPass,Successful
2151,15,61.5,17.9,NA,NA,49,BallTouch,Successful
2151,24,61,18.6,70.1,17.3,49,Pass,Unsuccessful
3070,3,34.2,82.9,23.4,69.1,49,Pass,Successful
3070,10,23.4,69.1,21.5,53.1,49,Pass,Successful
3070,12,23.7,47.2,32.7,21.2,49,Pass,Successful
3070,31,34.6,18.8,46.8,5.8,49,Pass,Successful
3070,14,46.8,5.8,85.7,26.2,49,Pass,Unsuccessful
2151,23,13.5,72.6,NA,NA,49,KeeperPickup,Successful
2151,23,11.4,60.3,21.3,36.7,49,Pass,Successful
2151,24,21.3,36.7,35.9,45.4,49,Pass,Successful
2151,15,38.5,39.5,42.6,10,49,Pass,Successful
2151,4,42.8,10.3,57,4.4,49,Pass,Successful
2151,32,57,4.4,37.4,7.4,49,Pass,Successful
2151,4,37.6,10.4,28.4,17.9,49,Pass,Successful
2151,24,28.7,17.3,9.2,51.8,49,Pass,Successful
2151,23,8.1,59.9,54.1,65.8,49,Pass,Unsuccessful
3070,12,43,31.7,NA,NA,49,BallRecovery,Successful
3070,12,44.5,28.9,48.2,10.9,49,Pass,Successful
3070,31,48.2,10.9,44.2,27.8,49,Pass,Successful
3070,12,44.6,30.9,39.5,52,49,Pass,Successful
3070,10,45.1,57.5,71.6,4.8,49,Pass,Successful
3070,31,71,6.6,NA,NA,49,Aerial,Successful
2151,35,29,93.4,NA,NA,49,Aerial,Unsuccessful
3070,31,71.6,4.8,81.2,9.7,49,Pass,Successful
3070,38,81.2,6,71.3,7.7,50,Pass,Successful
3070,NA,0,0,NA,NA,50,End,Successful
2151,NA,0,0,NA,NA,50,End,Successful
3070,NA,0,0,NA,NA,45,Start,Successful
2151,NA,0,0,NA,NA,45,Start,Successful
2151,19,49.8,49.9,25.7,48.2,45,Pass,Successful
2151,23,28.1,44.3,80.6,25.9,45,Pass,Unsuccessful
3070,10,18.3,72.6,33.5,78.3,45,Pass,Unsuccessful
2151,19,62.8,20.3,63.3,1.6,45,Pass,Successful
2151,4,62.8,3.2,65.3,6.1,45,Pass,Unsuccessful
3070,29,32.8,94,NA,NA,45,BlockedPass,Successful
2151,4,65,0,74.7,23.1,45,Pass,Successful
2151,33,82.9,18.6,82.9,16.1,45,Pass,Unsuccessful
3070,27,20.7,75.8,NA,NA,45,BallTouch,Successful
2151,19,86.8,18,88.3,23.1,45,Pass,Successful
2151,28,90.3,22.4,88,63.3,45,Pass,Unsuccessful
3070,31,9.8,44.9,26.3,32.2,45,Clearance,Successful
2151,8,66.5,62.1,70.6,75.6,45,Pass,Successful
2151,35,72.4,78.1,100,14.9,45,Pass,Unsuccessful
3070,6,4.9,56.3,63.5,67.1,46,Pass,Unsuccessful
2151,24,32.9,31.5,43,21.6,46,Pass,Successful
2151,33,43,21.6,NA,NA,46,BallRecovery,Successful
2151,33,44,23.1,NA,NA,46,Dispossessed,Successful
3070,16,56,76.9,NA,NA,46,Tackle,Successful
3070,1,63.3,64.6,NA,NA,46,BallRecovery,Successful
3070,1,63.3,64.6,75.9,55.7,46,Pass,Unsuccessful
2151,35,25,41.9,29.1,5.3,46,Clearance,Successful
2151,4,29,5.3,34.7,4.7,46,Pass,Successful
2151,19,34.5,4.7,NA,NA,46,BallRecovery,Successful
2151,19,34.3,4.6,32.3,12.2,46,Pass,Successful
2151,15,33.3,11.7,64,3.1,46,Pass,Unsuccessful
3070,10,36.1,95.7,NA,NA,46,Interception,Successful
2151,28,64,3.1,NA,NA,46,BallTouch,Successful
3070,10,36.1,95.7,NA,NA,46,BallTouch,Successful
2151,4,65.1,0,65.8,14.4,46,Pass,Successful
2151,15,65.7,17.4,59.1,5.5,46,Pass,Successful
3070,14,41.2,94.4,NA,NA,46,Challenge,Unsuccessful
2151,4,58.8,5.6,NA,NA,46,TakeOn,Successful
2151,4,59,12.9,44.9,16.8,46,Pass,Successful
2151,24,45.7,17.6,46,73.9,46,Pass,Successful
2151,35,58,75.1,64.3,93.5,47,Pass,Successful
2151,32,64.8,94.2,45.9,80.5,47,Pass,Successful
2151,35,45.8,80.5,26.7,78.4,47,Pass,Successful
2151,26,26.8,76.1,16.2,50.1,47,Pass,Successful
2151,23,16.9,50.6,20.5,23.1,47,Pass,Successful
2151,24,21.7,23.6,41.9,38.8,47,Pass,Successful
2151,28,39.5,34.5,42.9,1.4,47,Pass,Successful
2151,19,46.1,4.3,58.9,2.6,47,Pass,Successful
2151,33,58.9,2.6,35.7,11.7,47,Pass,Successful
2151,4,40.7,16.1,32.1,31.8,47,Pass,Successful
2151,24,32.1,31.8,36,39.1,47,Pass,Successful
2151,8,35.9,39.2,29,24.4,47,Pass,Successful
2151,24,29.3,25.6,30.2,38.3,47,Pass,Successful
2151,8,30.2,38.3,25.3,20.7,47,Pass,Successful
2151,24,27,18.8,62,13.8,47,Pass,Unsuccessful
3070,16,42.7,86,64.5,74,47,Pass,Unsuccessful
2151,8,33,19.7,40.5,11.9,47,Pass,Successful
2151,19,40.2,12.5,47.7,10.1,47,Pass,Successful
2151,28,67.7,5.9,58.9,20.7,47,Pass,Successful
2151,8,66.6,17.3,76.7,3.1,47,Pass,Successful
2151,33,73,5.3,55.6,11.7,48,Pass,Successful
2151,4,55.4,11.6,56.1,29.4,48,Pass,Successful
2151,8,55.5,29.4,57.4,65.8,48,Pass,Successful
2151,15,57.4,65.8,52,55.5,48,Pass,Successful
2151,26,46.9,69.1,100,86.2,48,Pass,Unsuccessful
3070,6,5,51.1,7.2,26.8,48,Pass,Successful
3070,12,10.8,16,13.8,5.5,48,Pass,Successful
3070,31,12.8,7.4,15.3,16.9,48,Pass,Successful
3070,27,15.5,32.5,10.8,72.9,48,Pass,Successful
3070,10,10.8,72.9,20.2,92,48,Pass,Successful
3070,16,21.2,92.8,47.1,76.5,48,Pass,Unsuccessful
2151,24,50.4,22.1,NA,NA,48,BallRecovery,Successful
2151,24,50.4,22.1,59.8,25.3,48,Pass,Successful
2151,15,58.8,26.5,46.3,21.3,48,Pass,Successful
2151,24,46.2,21.5,52.9,8.8,48,Pass,Unsuccessful
3070,29,45.3,89.1,NA,NA,48,BallRecovery,Successful
3070,29,46.7,88,56.1,74.6,48,Pass,Successful
3070,14,55.8,72.9,60.2,90.6,48,Pass,Successful
3070,29,64.5,95.7,NA,NA,48,TakeOn,Successful
2151,4,35.5,4.3,NA,NA,48,Challenge,Unsuccessful
3070,29,74.8,88.8,NA,NA,48,Dispossessed,Successful
2151,24,25.2,11.2,NA,NA,48,Tackle,Successful
3070,16,78.3,100,86.5,86.2,49,Pass,Successful
3070,14,86.5,86.2,81.9,88.2,49,Pass,Unsuccessful
2151,15,18.2,14.9,NA,NA,49,BallRecovery,Successful
2151,15,16.9,15.8,10.3,8.6,49,Pass,Successful
2151,4,10.3,8.9,55.8,55.4,49,Pass,Unsuccessful
3070,12,45,26,53.7,8.6,49,Pass,Successful
3070,1,53.4,8.8,41.4,19.1,49,Pass,Successful
3070,12,43,21.5,36.1,38.6,49,Pass,Successful
3070,27,42.2,66.2,44.6,100,49,Pass,Unsuccessful
2151,4,53.1,0,40.7,17.7,49,Pass,Successful
2151,15,39.9,18.5,61.4,14.9,49,Pass,Successful
2151,19,64.4,12.2,62.5,2.5,50,Pass,Successful
2151,33,59.4,8.5,52,23.6,50,Pass,Successful
2151,15,57.1,37.3,65.3,58.4,50,Pass,Successful
2151,32,69.2,62.4,NA,NA,50,TakeOn,Unsuccessful
3070,31,30.8,37.6,NA,NA,50,Tackle,Unsuccessful
2151,28,72.9,55,86.5,78.1,50,Pass,Successful
3070,31,10.6,36.3,NA,NA,50,Challenge,Unsuccessful
2151,35,89.4,63.7,NA,NA,50,TakeOn,Successful
2151,35,86.9,67.2,NA,NA,50,MissedShots,Successful
3070,6,4.1,56.5,6.4,68,50,Pass,Successful
3070,10,10.8,68.6,9.8,26.8,50,Pass,Successful
3070,12,9.5,26.6,4.7,47.7,50,Pass,Successful
3070,6,4.3,52.2,9.7,76.9,50,Pass,Successful
3070,10,13.9,88.9,20.7,98,50,Pass,Successful
3070,16,20.7,98,32.9,97.5,50,Pass,Successful
3070,1,32.9,97.5,NA,NA,50,BallTouch,Unsuccessful
2151,4,64.7,0,62.8,14.3,50,Pass,Successful
2151,15,63.1,29.3,63,52,51,Pass,Successful
2151,8,64.2,53.4,NA,NA,51,Foul,Successful
3070,27,35.8,46.6,NA,NA,51,Foul,Unsuccessful
2151,15,62.4,51,69.6,70.3,51,Pass,Successful
2151,8,74.5,74.1,89.4,38.8,51,Pass,Unsuccessful
3070,16,10.9,60.3,26.7,73.1,51,Clearance,Successful
2151,33,71.9,47.8,NA,NA,51,MissedShots,Successful
3070,6,4.6,56.5,8.4,70.3,51,Pass,Successful
3070,10,12.6,72.6,17.8,91.8,51,Pass,Successful
3070,16,30.2,92.3,44.3,88.6,51,Pass,Successful
3070,14,40,96.3,26.7,90.9,52,Pass,Successful
3070,10,24.5,83.8,25.2,42.9,52,Pass,Successful
3070,12,37.1,24.2,54,5.2,52,Pass,Successful
3070,38,54.1,5.4,51.2,14.3,52,Pass,Successful
3070,31,51.2,14.3,NA,NA,52,BallTouch,Unsuccessful
2151,26,31.2,76,NA,NA,52,BallRecovery,Successful
2151,26,28.3,78.4,38.5,71.8,52,Pass,Successful
2151,8,36.4,74.5,29.6,90,52,Pass,Successful
2151,26,53.7,93.6,NA,NA,52,Foul,Successful
3070,27,46.3,6.4,NA,NA,52,Foul,Unsuccessful
2151,8,59,87.1,53.6,74.7,52,Pass,Successful
2151,15,53.6,74.4,51.4,86,52,Pass,Successful
2151,8,51.4,86,33.2,50.1,52,Pass,Successful
2151,24,45,28.9,61,2.8,52,Pass,Successful
2151,33,66.3,2.9,52.6,2.5,52,Pass,Successful
2151,4,48.5,10.3,39.4,23.4,52,Pass,Successful
2151,24,41.9,20.6,85.4,46.3,53,Pass,Unsuccessful
3070,6,14.3,59.1,NA,NA,53,KeeperPickup,Successful
3070,6,12.6,48.6,18.8,28.2,53,Pass,Successful
3070,12,19.1,27.7,6.7,50.9,53,Pass,Successful
3070,6,6,49.2,11.4,74.6,53,Pass,Successful
3070,10,12.6,75.5,19.3,94.9,53,Pass,Successful
3070,16,20,95.2,30.6,97.2,53,Pass,Successful
3070,14,30.6,97.2,42.6,98,53,Pass,Successful
3070,29,42.4,95.3,NA,NA,53,Foul,Successful
2151,24,57.6,4.7,NA,NA,53,Foul,Unsuccessful
3070,1,44,96.4,41.2,96,53,Pass,Successful
3070,3,39.6,89.1,52.8,97.5,53,Pass,Successful
3070,1,53,97.5,67.6,96.3,53,Pass,Successful
3070,29,81.2,90,NA,NA,53,Dispossessed,Successful
2151,24,18.8,10,NA,NA,53,Tackle,Unsuccessful
3070,3,75.9,72.3,85.7,74.3,53,Pass,Unsuccessful
2151,24,21.8,26.5,NA,NA,53,BallTouch,Successful
2151,15,12.6,20.4,NA,NA,53,BallTouch,Successful
2151,4,12.1,36,17.9,32.3,53,Clearance,Successful
3070,3,80.8,72.9,94.3,88,54,Pass,Successful
3070,29,95.9,86,NA,NA,54,TakeOn,Unsuccessful
2151,33,4.1,14,NA,NA,54,Tackle,Successful
3070,29,95.9,86,NA,NA,54,CornerAwarded,Successful
2151,33,4.1,14,NA,NA,54,CornerAwarded,Unsuccessful
3070,14,99.5,99.5,93.6,42.5,54,Pass,Unsuccessful
3070,3,92.2,31.4,NA,NA,54,Aerial,Successful
2151,32,7.8,68.6,NA,NA,54,Aerial,Unsuccessful
3070,3,87.2,30,87.9,35.1,54,Pass,Unsuccessful
3070,NA,92.3,42.8,NA,NA,54,Foul,Successful
2151,35,7.7,57.2,NA,NA,54,Foul,Unsuccessful
3070,14,88.5,50,NA,NA,56,ShotOnPost,Successful
2151,23,0,0,NA,NA,56,PenaltyFaced,Unsuccessful
2151,23,4.1,47.8,73.4,22.9,57,Pass,Unsuccessful
3070,16,25.5,75.4,34.9,74,57,Pass,Successful
3070,3,32.9,74.6,NA,NA,57,Aerial,Successful
2151,19,67.1,25.4,NA,NA,57,Aerial,Unsuccessful
3070,3,32.9,74.6,39.8,73.8,57,Pass,Successful
3070,14,39.8,73.8,36.3,67.4,57,Pass,Successful
3070,27,36.7,70.3,NA,NA,57,BallRecovery,Successful
3070,27,36.3,67.4,54.6,65.7,57,Pass,Successful
3070,1,55.6,68.3,53.6,76.1,57,Pass,Successful
3070,29,64,96.6,65.6,89.1,57,Pass,Successful
3070,14,66,86.8,79.5,87.4,57,Pass,Unsuccessful
2151,24,19.5,11.6,NA,NA,57,BallTouch,Unsuccessful
3070,29,89.8,95.7,NA,NA,57,BallTouch,Unsuccessful
2151,19,10.5,11.4,NA,NA,57,BallRecovery,Successful
2151,19,12.5,12.8,66.2,0,57,Pass,Unsuccessful
3070,16,38.9,100,57.2,97.2,57,Pass,Unsuccessful
2151,4,39.8,6.5,56.5,15.9,57,Pass,Unsuccessful
3070,3,43.1,85.7,38.9,72.6,57,Pass,Successful
3070,27,40.1,73.8,NA,NA,57,TakeOn,Unsuccessful
2151,15,55.2,11.3,58.7,12.6,57,Pass,Unsuccessful
3070,27,41.6,74.9,NA,NA,57,BlockedPass,Successful
3070,16,38.6,92,53.7,92.8,57,Pass,Unsuccessful
2151,4,46.6,10.3,53,17.7,57,Pass,Unsuccessful
3070,27,45.1,76.2,53.4,82.6,57,Pass,Unsuccessful
2151,15,40.9,11.6,44.3,8.8,57,Pass,Unsuccessful
3070,3,54.3,87.8,NA,NA,57,BallTouch,Successful
3070,14,62.9,94.8,NA,NA,58,Foul,Successful
2151,4,37.1,5.2,NA,NA,58,Foul,Unsuccessful
3070,16,61,95.1,59.3,91.7,58,Pass,Successful
3070,14,58.1,87.4,56.3,66.2,58,Pass,Successful
3070,27,55.3,53.8,73.4,37.4,58,Pass,Successful
3070,38,77.2,35.1,NA,NA,58,SavedShot,Successful
2151,23,4.4,50.6,NA,NA,58,Save,Successful
3070,38,86.2,43,NA,NA,58,CornerAwarded,Successful
2151,23,13.8,57,NA,NA,58,CornerAwarded,Unsuccessful
3070,14,99.5,99.5,96.4,57.7,58,Pass,Unsuccessful
2151,24,3.4,42.8,24.1,51,58,Clearance,Successful
3070,16,82.2,51,NA,NA,58,Dispossessed,Successful
2151,33,17.8,49,NA,NA,58,Tackle,Unsuccessful
3070,16,75.8,57.8,75,71.4,58,Pass,Successful
3070,3,75,71.4,86.2,52.5,58,Pass,Unsuccessful
2151,8,15.2,43.9,NA,NA,58,Interception,Successful
2151,35,11,54.8,22.2,61.4,58,Clearance,Successful
3070,12,77.3,38.2,92.3,22,58,Pass,Successful
3070,27,95,17.4,95.1,20.3,58,Pass,Unsuccessful
2151,35,1,75.1,NA,NA,58,Clearance,Successful
3070,1,90.8,44.2,NA,NA,59,OffsideGiven,Unsuccessful
3070,31,93.8,0,93.7,29.2,59,Pass,Unsuccessful
2151,35,6.1,66.1,21.8,71.5,59,Clearance,Successful
3070,12,76.9,28,81.9,32.8,59,Pass,Successful
3070,14,81.9,32.8,90.8,44.2,59,OffsidePass,Successful
2151,24,12.2,56.6,NA,NA,59,OffsideProvoked,Successful
2151,33,69.2,21.2,NA,NA,61,OffsideGiven,Unsuccessful
2151,4,90.5,15.9,NA,NA,61,OffsideGiven,Unsuccessful
2151,23,11.6,54,69.2,21.2,61,OffsidePass,Successful
3070,16,37.3,84.8,NA,NA,61,OffsideProvoked,Successful
3070,3,36.7,67.7,27.5,44.2,61,Pass,Successful
3070,12,28.6,28,31.2,7.1,61,Pass,Successful
3070,31,31.2,7.1,34.4,21.7,61,Pass,Successful
3070,27,34.4,21.7,39.6,11.5,61,Pass,Successful
3070,1,38.7,14.2,NA,NA,61,TakeOn,Unsuccessful
2151,26,61.3,85.8,NA,NA,61,Tackle,Successful
2151,32,62.3,91.4,NA,NA,61,BallRecovery,Successful
2151,32,60.7,93.9,67.4,68.7,61,Pass,Successful
2151,28,67.8,39.8,76.9,9.5,61,Pass,Successful
2151,33,77.4,9.8,90.5,15.9,61,OffsidePass,Successful
3070,10,15.8,63.3,NA,NA,61,OffsideProvoked,Successful
3070,3,14,85.7,10,76.7,61,Pass,Successful
3070,10,8.8,72.9,11.9,77.5,61,Pass,Successful
3070,3,26.5,77.5,37,95.4,61,Pass,Successful
3070,29,37,95.4,24.3,95.1,61,Pass,Successful
3070,16,24.3,95.1,15.5,79.8,61,Pass,Successful
3070,10,13.1,75.4,11.7,29.7,61,Pass,Successful
3070,12,9.3,24.2,16.7,9.2,61,Pass,Successful
3070,31,16.3,9.1,7.8,42.9,61,Pass,Successful
3070,6,7.7,46.9,11.5,72.5,61,Pass,Successful
3070,10,11.5,72.5,34,94.8,62,Pass,Successful
3070,16,34,94.8,40.3,93.7,62,Pass,Successful
3070,14,35.3,91.4,32.5,84.8,62,Pass,Successful
3070,3,32.5,84.8,41.6,93.5,62,Pass,Successful
3070,16,62.4,74,74.5,36.2,62,Pass,Successful
3070,1,77.2,35.8,92.7,31.7,62,Pass,Successful
3070,31,92.7,31.7,NA,NA,62,SavedShot,Successful
2151,23,1.1,54,NA,NA,62,Save,Successful
2151,32,10.4,89.4,NA,NA,62,BallRecovery,Successful
2151,32,12.4,90.4,NA,NA,62,Dispossessed,Successful
3070,31,87.6,9.6,NA,NA,62,Tackle,Unsuccessful
2151,32,9.7,89.9,NA,NA,62,BallTouch,Successful
3070,31,79.5,0,62.8,4.2,62,Pass,Successful
3070,27,64.6,15.7,52.9,34.5,62,Pass,Successful
3070,10,52.6,65.2,56.1,77.4,62,Pass,Successful
3070,16,56.1,77.4,51.6,65.2,62,Pass,Successful
3070,10,51.6,65.2,42.7,34.6,62,Pass,Successful
3070,12,42.7,34.3,52.1,22.8,62,Pass,Successful
3070,27,51.8,19.5,60,5.1,62,Pass,Unsuccessful
2151,32,34.2,94.6,NA,NA,62,Interception,Successful
2151,32,0,0,NA,NA,63,SubstitutionOff,Successful
2151,36,0,0,NA,NA,63,SubstitutionOn,Successful
3070,31,63,0,55.1,31.8,63,Pass,Successful
3070,3,59.1,37.4,66.1,52.5,63,Pass,Successful
3070,1,65.2,45.6,64.2,35.5,63,Pass,Successful
3070,3,65.8,30.8,68.6,8,63,Pass,Successful
3070,31,69.2,7.2,75.5,4.5,63,Pass,Successful
3070,38,75.5,4.5,69.3,6.9,63,Pass,Successful
3070,31,67.6,9.5,67,18,63,Pass,Successful
3070,3,67,18,95.2,19.4,63,Pass,Unsuccessful
3070,38,95.2,19.4,NA,NA,63,BallTouch,Unsuccessful
2151,23,4.6,44,62.3,0,64,Pass,Unsuccessful
3070,16,37.3,100,43.2,87.8,64,Pass,Unsuccessful
2151,8,58.6,17.4,NA,NA,64,Interception,Successful
2151,19,61.9,18.9,NA,NA,64,BallRecovery,Successful
2151,19,60.8,10.6,58.7,27.4,64,Pass,Successful
2151,36,56.7,25.6,65.8,2.2,64,Pass,Successful
2151,33,61.7,7,43.9,24.6,64,Pass,Successful
2151,24,44.2,33.7,60.7,82.6,64,Pass,Successful
2151,35,60.7,82.6,NA,NA,64,BallTouch,Unsuccessful
3070,31,43.3,28.9,NA,NA,64,BallRecovery,Successful
3070,31,53.1,29.2,62.6,48.2,64,Pass,Successful
3070,27,67,50.6,72.7,72,64,Pass,Successful
3070,14,91.1,87.1,91.3,17.4,65,Pass,Successful
3070,38,89.1,16,77.9,16.9,65,Pass,Successful
3070,31,77.9,16.9,80.4,41.1,65,Pass,Successful
3070,27,81.7,46.2,87.9,55.1,65,Pass,Unsuccessful
2151,4,11.2,46.6,NA,NA,65,Interception,Successful
2151,26,16.1,48,NA,NA,65,Foul,Successful
3070,27,83.9,52,NA,NA,65,Foul,Unsuccessful
2151,23,15.8,49.6,68.1,27.4,66,Pass,Unsuccessful
3070,3,32.8,73.7,NA,NA,66,Aerial,Successful
2151,19,67.2,26.3,NA,NA,66,Aerial,Unsuccessful
3070,3,35.3,76.9,44,86.5,66,Pass,Successful
3070,29,42.4,83.1,NA,NA,66,Foul,Successful
2151,4,57.6,16.9,NA,NA,66,Foul,Unsuccessful
2151,8,0,0,NA,NA,66,Card,Successful
3070,3,45,81.8,46.3,66,66,Pass,Successful
3070,27,56.8,87.5,63.2,100,66,Pass,Unsuccessful
2151,4,33.7,0,42.1,14.6,67,Pass,Successful
2151,19,39.7,15.9,42.4,16.2,67,Pass,Unsuccessful
3070,3,60.5,95.7,NA,NA,67,BlockedPass,Successful
2151,4,40,16.2,NA,NA,67,BallTouch,Unsuccessful
3070,16,55.7,95.5,NA,NA,67,BallRecovery,Successful
3070,16,55.7,95.5,60.6,70.6,67,Pass,Unsuccessful
2151,8,37.2,34.9,NA,NA,67,BallRecovery,Successful
2151,8,37.2,34.9,46.7,49.1,67,Pass,Successful
2151,36,46.7,49.1,42.8,71.5,67,Pass,Successful
2151,35,45.7,76.9,47,77.1,67,Pass,Unsuccessful
3070,38,52.4,10.8,NA,NA,67,BlockedPass,Successful
3070,38,52.4,13.6,NA,NA,67,Foul,Successful
2151,35,47.6,86.4,NA,NA,67,Foul,Unsuccessful
2151,35,0,0,NA,NA,67,Card,Successful
3070,31,47.7,13.1,43.3,12.6,67,Pass,Successful
3070,27,42.7,11.4,48.5,12.3,67,Pass,Unsuccessful
2151,8,46.8,79.1,NA,NA,67,BallTouch,Successful
3070,1,67,15.2,67.6,8.2,67,Pass,Successful
3070,38,67.6,8.2,63.3,24.5,67,Pass,Successful
3070,1,62.8,26.6,88.1,50.6,68,Pass,Unsuccessful
2151,23,13.5,50.1,NA,NA,68,KeeperPickup,Successful
2151,23,12.6,43.6,14.5,23.4,68,Pass,Successful
2151,24,14.5,23.4,8.1,47.8,68,Pass,Successful
2151,23,8.1,47.8,11,25,68,Pass,Successful
2151,24,10.8,25.5,21.4,28,68,Pass,Successful
2151,15,21.4,28,24.5,3.2,68,Pass,Successful
2151,4,24.5,3.2,33.7,7,68,Pass,Successful
2151,19,33.7,7,34.1,21.3,68,Pass,Successful
2151,28,34.2,21.3,31.2,31.9,68,Pass,Unsuccessful
3070,27,63.4,74.6,NA,NA,68,BallRecovery,Successful
3070,27,63.4,74.6,58.6,68.2,68,Pass,Successful
3070,12,61,61.8,70.3,38.3,68,Pass,Successful
3070,1,72.8,32.8,71.6,16.5,68,Pass,Successful
3070,31,70.5,26.5,61.4,33.7,68,Pass,Successful
3070,12,61.4,33.7,55.5,54.8,68,Pass,Successful
3070,3,58.8,68.3,67.2,92.6,68,Pass,Successful
3070,16,66.9,92.6,60.4,80.9,68,Pass,Successful
3070,3,59.2,79.5,52.6,61.4,68,Pass,Successful
3070,10,52.1,58.6,54.8,30.9,68,Pass,Successful
3070,12,65,11.4,71.3,4.6,68,Pass,Successful
3070,38,68.6,23.5,63.9,32.6,69,Pass,Successful
3070,27,63.9,33.5,78,82.8,69,Pass,Successful
3070,16,78,82.8,89.1,52.2,69,Pass,Unsuccessful
2151,26,8.8,42.5,31.5,32.1,69,Clearance,Successful
2151,19,27.7,34.2,NA,NA,69,BallRecovery,Successful
2151,19,27.7,34.2,24.3,60.3,69,Pass,Successful
2151,35,65.3,76.4,68.3,94.4,69,Pass,Successful
2151,28,66.3,95.6,57.9,74.7,69,Pass,Successful
2151,8,59.9,71.2,66.1,32.1,69,Pass,Successful
2151,19,70.1,19.8,83.1,7.1,69,Pass,Successful
2151,33,92.9,24,91.9,40.9,69,Pass,Unsuccessful
3070,10,10.4,55.5,33.7,78.5,69,Clearance,Successful
2151,15,58.2,23.9,67.3,7.1,69,Pass,Successful
2151,4,67.8,8.9,63.3,27.3,69,Pass,Successful
2151,15,63.5,27,65.8,50.7,69,Pass,Successful
2151,8,66.2,50.9,72.4,23.6,69,Pass,Successful
2151,19,74,26.1,88.2,25.6,69,Pass,Successful
2151,33,88.9,27.3,89.9,31.2,69,Pass,Unsuccessful
3070,16,9.6,66.9,27.5,58.6,69,Clearance,Successful
3070,14,27.5,58.6,NA,NA,69,BallTouch,Unsuccessful
2151,15,68.6,37.1,69.4,51.8,69,Pass,Successful
2151,8,73.5,55.7,NA,NA,69,Goal,Successful
3070,14,50.1,49.9,38.2,50.3,71,Pass,Successful
3070,3,44.3,42.1,41.3,14.9,71,Pass,Successful
3070,31,34.2,21.1,23.7,29.2,71,Pass,Successful
3070,12,22.7,40.5,22,85.2,71,Pass,Successful
3070,10,22.4,88.8,58.5,93.7,71,Pass,Unsuccessful
2151,4,39.1,7.6,54.2,8.6,71,Pass,Unsuccessful
3070,16,47.9,91.5,NA,NA,71,Interception,Successful
2151,24,36.4,24,NA,NA,71,BallRecovery,Successful
2151,24,36.4,24,29.3,48.4,71,Pass,Successful
2151,26,27.7,55.2,26.8,95,71,Pass,Successful
2151,35,26.8,95,62.4,100,71,Pass,Unsuccessful
2151,33,0,0,NA,NA,73,SubstitutionOff,Successful
2151,20,0,0,NA,NA,73,SubstitutionOn,Successful
2151,NA,0,0,NA,NA,73,FormationChange,Successful
3070,31,44,0,28.5,9.1,73,Pass,Successful
3070,12,29.8,30.2,30,62,73,Pass,Successful
3070,10,33.7,65.7,37.4,88.2,73,Pass,Successful
3070,16,36,87.4,26,75.7,73,Pass,Successful
3070,10,25.3,73.4,25,45.8,73,Pass,Successful
3070,12,30.8,39.4,28,71.1,73,Pass,Successful
3070,10,38.4,68,35.9,30.9,74,Pass,Successful
3070,12,53.8,11.8,70.2,16.3,74,Pass,Successful
3070,38,70.2,16.3,63.4,26.2,74,Pass,Successful
3070,14,63.7,28.1,NA,NA,74,Foul,Successful
2151,26,36.3,71.9,NA,NA,74,Foul,Unsuccessful
3070,3,63,23.1,75.5,4.8,74,Pass,Successful
3070,31,91,9.1,87.7,42,74,Pass,Unsuccessful
2151,15,10.9,56.4,25.9,65.4,74,Clearance,Successful
2151,28,27.3,67.6,NA,NA,74,Foul,Successful
3070,3,72.7,32.4,NA,NA,74,Foul,Unsuccessful
2151,23,24.1,59.4,85.1,89.9,75,Pass,Unsuccessful
3070,31,17.8,9.7,33.9,7.8,75,Pass,Unsuccessful
2151,8,67.4,91.5,78.3,93.8,75,Pass,Successful
2151,36,78.3,93.6,67.6,80.3,75,Pass,Successful
2151,15,67.6,80.3,70.6,89,75,Pass,Successful
2151,8,70.6,89,71.9,70.5,75,Pass,Successful
2151,15,74.9,70.2,78,89.4,75,Pass,Successful
2151,28,88.2,91.6,NA,NA,75,TakeOn,Unsuccessful
3070,31,11.8,8.4,NA,NA,75,Tackle,Successful
3070,31,8.2,6.9,NA,NA,75,BallRecovery,Successful
3070,31,8.2,6.9,41.9,9.7,75,Pass,Unsuccessful
2151,26,58.4,91.7,NA,NA,75,BallRecovery,Successful
2151,26,53.2,91.2,60.1,86.3,75,Pass,Successful
2151,35,54.8,74.7,NA,NA,75,Foul,Successful
3070,14,45.2,25.3,NA,NA,75,Foul,Unsuccessful
3070,14,0,0,NA,NA,75,Card,Successful
3070,3,0,0,NA,NA,76,SubstitutionOff,Successful
3070,21,0,0,NA,NA,76,SubstitutionOn,Successful
3070,38,0,0,NA,NA,76,SubstitutionOff,Successful
3070,13,0,0,NA,NA,76,SubstitutionOn,Successful
3070,NA,0,0,NA,NA,76,FormationChange,Successful
2151,26,53.2,79.1,55.6,68.7,77,Pass,Successful
2151,15,55.6,68.7,51.1,82.4,77,Pass,Successful
2151,26,50.6,85.3,53.8,85.3,77,Pass,Unsuccessful
3070,13,44.8,12,NA,NA,77,BlockedPass,Successful
3070,29,34.9,4.6,NA,NA,77,BallRecovery,Successful
3070,29,34,2.9,49.6,8.5,77,Pass,Unsuccessful
2151,26,51.5,90.2,74.8,86.8,77,Pass,Unsuccessful
3070,31,27.6,5.8,34.8,18.6,77,Pass,Successful
3070,27,39.5,28.5,60.5,50.3,77,Pass,Successful
3070,14,57.4,50.2,NA,NA,77,BallTouch,Unsuccessful
2151,24,36.2,40,NA,NA,77,BallRecovery,Successful
2151,24,36.2,40,46.6,43.1,77,Pass,Successful
2151,19,46.6,43.1,57.1,48.2,77,Pass,Successful
2151,36,65.9,41.8,68.8,18.8,77,Pass,Successful
2151,19,68.8,18.8,82.6,7,77,Pass,Successful
2151,4,82.3,7.1,73.9,11.6,77,Pass,Successful
2151,19,73.5,11.4,74,22.8,77,Pass,Successful
2151,15,74,22.8,68,18.3,77,Pass,Successful
2151,19,68.1,18.6,67,30.7,77,Pass,Successful
2151,8,67,30.7,85.3,4,77,Pass,Successful
2151,4,85.4,3.7,77.7,7.4,77,Pass,Successful
2151,15,77.7,7.4,77.7,15.5,77,Pass,Successful
2151,19,77.7,15.3,74.4,3.4,77,Pass,Successful
2151,15,74.4,3.5,78.6,18.5,77,Pass,Successful
2151,24,78.6,18.6,92.9,23,77,Pass,Successful
2151,28,92.4,22.2,88.3,10.6,77,Pass,Successful
2151,4,88.3,10.6,87.6,17.9,77,Pass,Successful
3070,10,13,85.2,NA,NA,77,Challenge,Unsuccessful
2151,19,87,14.8,NA,NA,77,TakeOn,Successful
2151,19,89.3,5.5,77.2,16.1,77,Pass,Successful
2151,15,77.2,16.1,73.5,4.1,77,Pass,Successful
2151,4,73.5,4.1,80.5,1.6,77,Pass,Successful
2151,19,83.1,5,NA,NA,77,Dispossessed,Successful
3070,14,16.9,95,NA,NA,77,Tackle,Successful
3070,1,27.2,97,NA,NA,77,Dispossessed,Successful
2151,15,72.8,3,NA,NA,77,Tackle,Successful
3070,16,25.8,100,34.2,98.5,78,Pass,Successful
3070,1,37.2,97.1,31.3,97.4,78,Pass,Successful
3070,16,31.3,97.4,32.7,97.4,78,Pass,Unsuccessful
2151,4,66,2.1,NA,NA,78,BlockedPass,Successful
3070,1,35,100,62,95.8,78,Pass,Unsuccessful
2151,24,36.2,8.3,47.4,12,78,Pass,Unsuccessful
2151,15,46.6,6.8,NA,NA,78,Aerial,Successful
3070,1,53.4,93.2,NA,NA,78,Aerial,Unsuccessful
2151,15,46,8.1,NA,NA,78,BallTouch,Successful
3070,14,44.1,91.7,40.4,95.5,78,Pass,Successful
3070,16,40.4,95.5,42.4,86.5,78,Pass,Unsuccessful
3070,27,40.7,82.8,NA,NA,78,Foul,Successful
2151,15,59.3,17.2,NA,NA,78,Foul,Unsuccessful
2151,15,0,0,NA,NA,78,Card,Successful
3070,10,41.2,83.9,44.9,89.8,79,Pass,Successful
3070,14,47.2,77.3,40.7,32.8,79,Pass,Successful
3070,12,56.1,27.7,94.5,27.8,79,Pass,Unsuccessful
2151,23,5.3,76.3,NA,NA,79,KeeperPickup,Successful
2151,23,14,57.3,69.2,70.2,79,Pass,Unsuccessful
3070,12,27.9,16.9,NA,NA,80,Interception,Successful
2151,35,65.7,100,71.2,78.7,80,Pass,Successful
2151,28,71.2,78.7,NA,NA,80,BallTouch,Unsuccessful
3070,29,20.7,7.1,NA,NA,80,BallRecovery,Successful
3070,29,5.7,7.4,14.5,6,80,Pass,Successful
3070,31,14.5,6,9.3,26.8,80,Pass,Successful
3070,12,21.1,40.3,28.7,43.7,80,Pass,Successful
3070,14,22.7,19.8,44.6,11.4,80,Pass,Successful
3070,1,44.6,11.4,52.7,17.5,80,Pass,Unsuccessful
2151,26,48.7,75.7,72.7,86.2,80,Pass,Unsuccessful
3070,31,30.8,13.5,NA,NA,80,Aerial,Successful
2151,36,69.2,86.5,NA,NA,80,Aerial,Unsuccessful
3070,31,32.6,11.5,42.3,4.9,80,Pass,Successful
3070,1,42.3,4.9,35.9,19.5,80,Pass,Successful
3070,27,36.9,30.1,32.3,58.1,80,Pass,Successful
3070,10,38.1,67.2,53.4,93.1,80,Pass,Successful
3070,16,53.4,93.1,52,83.5,80,Pass,Successful
3070,13,52.5,80.9,50.9,68.5,80,Pass,Successful
3070,27,52.9,65.4,89.3,62,80,Pass,Unsuccessful
2151,23,9,41.5,NA,NA,80,KeeperPickup,Successful
2151,23,13.4,55.8,65.1,56.3,81,Pass,Unsuccessful
3070,10,31.4,43.2,51.6,0,81,Pass,Unsuccessful
2151,35,47.2,100,27.7,81.4,81,Pass,Successful
2151,26,29,81.8,34.3,96.2,81,Pass,Successful
2151,35,44.6,94.7,56.2,83.2,81,Pass,Successful
2151,28,51.2,85.6,NA,NA,81,Foul,Successful
3070,12,48.8,14.4,NA,NA,81,Foul,Unsuccessful
3070,12,0,0,NA,NA,81,Card,Successful
2151,26,53.5,85.6,73.1,70.9,82,Pass,Successful
2151,28,73.1,70.9,72.5,40.9,82,Pass,Successful
2151,19,72.6,41.5,86.6,44.8,82,Pass,Successful
2151,28,85.8,48.2,NA,NA,82,BallTouch,Unsuccessful
3070,12,14.2,51.8,NA,NA,82,BallTouch,Successful
3070,10,15.7,55.2,28.8,86.3,82,Clearance,Successful
3070,21,28.2,89.1,NA,NA,82,BallRecovery,Successful
3070,21,21.9,87.2,12.9,72.6,82,Pass,Successful
3070,10,10.9,69.7,2.6,46,82,Pass,Successful
3070,6,3.3,41.4,48.4,12,82,Pass,Unsuccessful
2151,8,55.1,82.3,NA,NA,82,BallRecovery,Successful
2151,8,45.6,76.4,38.9,36.4,82,Pass,Successful
2151,24,38.6,35.2,37.3,14,82,Pass,Successful
2151,4,33.4,20.7,20.5,32.8,82,Pass,Successful
2151,20,20.5,32.8,19.4,70.2,82,Pass,Successful
2151,26,23.2,80.2,60,100,82,Pass,Unsuccessful
3070,14,0,0,NA,NA,83,SubstitutionOff,Successful
3070,2,0,0,NA,NA,83,SubstitutionOn,Successful
3070,NA,0,0,NA,NA,83,FormationChange,Successful
3070,31,45.4,0,32.3,12.4,83,Pass,Successful
3070,12,32.9,22.7,31.6,59,83,Pass,Successful
3070,10,32.9,59.7,41,70.8,83,Pass,Successful
3070,2,52.9,71.5,42.5,36.9,83,Pass,Successful
3070,12,44.4,33.7,53,11.2,83,Pass,Successful
3070,31,54,10.3,58.6,6.8,83,Pass,Successful
3070,29,57,7.5,55.9,28,83,Pass,Successful
3070,31,55,35.1,56.6,62.8,83,Pass,Successful
3070,27,58.8,59.1,76,57.2,83,Pass,Successful
3070,13,76,57.2,NA,NA,83,BallTouch,Unsuccessful
2151,23,4.3,36.4,NA,NA,83,KeeperPickup,Successful
2151,23,14.4,62,55.8,74,84,Pass,Successful
2151,8,63.3,67.2,NA,NA,84,Aerial,Successful
3070,27,36.7,32.8,NA,NA,84,Aerial,Unsuccessful
2151,8,55.2,73.2,56.2,75.2,84,Pass,Unsuccessful
3070,27,41.9,25.8,NA,NA,84,BallTouch,Successful
2151,15,60,63.9,64.6,74.2,84,Pass,Unsuccessful
3070,27,41.8,25.1,45.8,37.2,84,Pass,Unsuccessful
2151,15,54.5,56.3,57.4,28.3,84,Pass,Successful
2151,19,58.6,30.4,59.3,5.6,84,Pass,Successful
2151,4,60,5.3,59.3,19.2,84,Pass,Successful
2151,19,59.5,18.6,63.3,4.1,84,Pass,Successful
2151,4,63.3,4.3,71.6,22.4,84,Pass,Successful
2151,15,70.1,15.3,61.9,6.2,84,Pass,Successful
2151,4,61.9,6.2,67.8,2.6,84,Pass,Successful
2151,15,67.8,2.6,69,14,84,Pass,Successful
2151,19,69,14,61,6.8,84,Pass,Successful
2151,4,61,6.8,95.3,20.4,84,Pass,Unsuccessful
3070,6,6.1,78.5,NA,NA,84,BallRecovery,Successful
3070,6,6.8,66.8,13,42.6,84,Pass,Successful
3070,12,23.4,35.7,32,63.2,84,Pass,Successful
3070,27,39,68.6,47.9,95.5,84,Pass,Successful
3070,1,68.8,96.8,89,95.4,84,Pass,Successful
3070,16,93,98.2,88.1,95.8,85,Pass,Unsuccessful
2151,19,13.8,4.7,NA,NA,85,BallTouch,Successful
3070,1,94.6,84.9,96,56.7,85,Pass,Unsuccessful
2151,20,4.1,42.2,19.5,0,85,Clearance,Successful
3070,16,76.9,100,67.7,95.5,85,Pass,Successful
3070,2,66.1,83.8,60.1,78.5,85,Pass,Successful
3070,27,61.8,72.8,59.5,58.5,85,Pass,Successful
3070,12,60.5,55.4,59.1,68.8,85,Pass,Successful
3070,2,60.2,72.2,66.3,81.8,85,Pass,Successful
3070,21,66.3,81.8,57.8,65.8,85,Pass,Successful
3070,10,57,63.8,60.3,35.5,85,Pass,Successful
3070,13,62,29.4,65.1,9.5,85,Pass,Successful
3070,31,65.4,10.6,60.7,28.2,85,Pass,Successful
3070,13,60.5,28.8,55.6,61.2,85,Pass,Successful
3070,10,56.1,64.5,64.9,86.3,85,Pass,Successful
3070,16,65.4,86.9,70.5,80.3,85,Pass,Successful
3070,21,73.1,77.5,77.9,71.7,85,Pass,Unsuccessful
2151,24,20.4,21,NA,NA,85,BallTouch,Successful
3070,13,76.4,96,67.9,93.7,85,Pass,Successful
3070,16,67.2,91.2,63.4,86,85,Pass,Successful
3070,2,63.4,86,66.5,96.3,85,Pass,Successful
3070,16,76.5,96.9,90.5,56.3,86,Pass,Unsuccessful
2151,20,8.7,47.5,28.1,46.6,86,Clearance,Successful
3070,2,74.9,63.7,84.7,52.9,86,Pass,Unsuccessful
2151,20,13.2,48.4,41.9,31.9,86,Clearance,Successful
3070,10,57.3,65.8,72.2,67.2,86,Pass,Unsuccessful
2151,15,29.2,30.6,NA,NA,86,BallRecovery,Successful
2151,15,29.2,30.6,33.8,48.5,86,Pass,Successful
2151,8,34.7,48.8,29.5,18.8,86,Pass,Successful
2151,4,30.2,19.1,36.5,26.8,86,Pass,Successful
2151,19,37.4,26.2,33.4,40.1,86,Pass,Successful
2151,15,34.7,40.7,29.1,64.9,86,Pass,Successful
2151,26,36.2,68.8,56.6,92.6,86,Pass,Successful
2151,35,62,94.5,52.1,80.6,86,Pass,Successful
2151,26,55.5,75.4,63.7,7.4,86,Pass,Successful
2151,4,65.4,14.1,65.6,28.9,86,Pass,Successful
2151,8,66.5,27.9,81.6,5.2,86,Pass,Successful
2151,4,81.2,4.1,65.1,6.7,86,Pass,Successful
2151,8,65.1,6.7,55.9,21.8,86,Pass,Successful
2151,24,55.9,21.8,58.3,27,86,Pass,Successful
2151,15,58.3,27,65.3,7.6,86,Pass,Successful
2151,8,65.1,7.6,63,20.9,86,Pass,Successful
2151,19,64.3,18,60.8,4.3,86,Pass,Successful
2151,8,60.8,4.3,61.9,28.8,86,Pass,Successful
2151,15,61.9,28.3,70.2,25.6,86,Pass,Unsuccessful
3070,10,27.1,77.4,NA,NA,87,Aerial,Successful
2151,28,72.9,22.6,NA,NA,87,Aerial,Unsuccessful
3070,10,24.3,80.3,26.7,93.7,87,Clearance,Successful
2151,4,73.2,4.9,79.8,25.3,87,Pass,Unsuccessful
3070,10,21.3,76,29.5,74,87,Clearance,Successful
2151,19,75.8,25.3,73.6,14.3,87,Pass,Successful
2151,4,73.6,15.6,59.8,8.8,87,Pass,Successful
2151,8,60,10.6,51.3,19.4,87,Pass,Successful
2151,24,51.3,19.4,57.2,28,87,Pass,Successful
2151,19,57.2,28,59.6,41.8,87,Pass,Successful
2151,36,65.4,57.6,NA,NA,87,Dispossessed,Successful
3070,29,34.6,42.4,NA,NA,87,Tackle,Successful
3070,12,35.2,38.6,NA,NA,87,BallRecovery,Successful
3070,12,27.9,36.3,26.5,26.2,87,Pass,Successful
3070,31,26.5,26.2,33.7,22.8,87,Pass,Successful
3070,29,34,19.8,29,32.8,87,Pass,Successful
3070,12,29,32.8,37.4,39.8,87,Pass,Successful
3070,27,55.2,51.5,46.8,74.6,87,Pass,Successful
3070,2,54.7,73.1,76.6,8.9,87,Pass,Successful
3070,29,75.4,7.1,74.4,23.5,87,Pass,Successful
3070,31,74.4,23.5,71.3,30.9,87,Pass,Successful
3070,2,71.2,26.9,70.1,11.7,87,Pass,Successful
3070,29,70.3,8.2,86.5,10.2,87,Pass,Successful
3070,2,79,11.5,71.5,18.6,87,Pass,Successful
3070,12,71.5,18.6,71.1,9.8,87,Pass,Successful
3070,2,70.3,9.7,58.2,35.4,87,Pass,Successful
3070,10,58.2,35.4,64.7,46.5,87,Pass,Successful
3070,27,64.6,47.5,68.4,79.4,87,Pass,Successful
3070,16,68.4,79.4,88.7,56.3,87,Pass,Unsuccessful
2151,20,8.4,44,29.6,36,88,Clearance,Successful
3070,21,75.9,72.2,74.4,95.1,88,Pass,Successful
3070,16,73.6,94.6,71.9,87.2,88,Pass,Successful
3070,21,70.7,62.6,67.9,54.5,88,Pass,Successful
3070,12,66.4,47.5,67.7,29.1,88,Pass,Successful
3070,31,67.5,26,73.1,10.8,88,Pass,Successful
3070,29,77.6,7.2,90.1,15.2,88,Pass,Successful
3070,13,91.5,14.9,NA,NA,88,Dispossessed,Successful
2151,20,8.5,85.1,NA,NA,88,Tackle,Unsuccessful
3070,13,90.1,15.2,NA,NA,88,BallTouch,Successful
3070,29,87.3,5.7,84.7,14.8,88,Pass,Successful
3070,13,84.7,14.8,100,9.1,88,Pass,Unsuccessful
2151,36,0,0,NA,NA,88,ShieldBallOpp,Successful
2151,23,5.3,55.3,67,58.5,89,Pass,Unsuccessful
3070,10,35.1,44,NA,NA,89,Aerial,Successful
2151,28,64.9,56,NA,NA,89,Aerial,Unsuccessful
3070,10,29.5,42.5,56.8,28.5,89,Pass,Unsuccessful
2151,26,41.2,71.7,30.8,58.4,89,Pass,Successful
2151,20,31.9,47.2,47.2,9.5,89,Pass,Successful
3070,2,55,88.3,NA,NA,89,Challenge,Unsuccessful
2151,4,45,11.7,NA,NA,89,TakeOn,Successful
2151,4,45.6,18.6,45,35.2,89,Pass,Successful
2151,8,42.8,36.6,44.1,78.5,89,Pass,Successful
2151,26,44,84.6,NA,NA,89,Foul,Successful
3070,29,56,15.4,NA,NA,89,Foul,Unsuccessful
2151,4,0,0,NA,NA,90,SubstitutionOff,Successful
2151,34,0,0,NA,NA,90,SubstitutionOn,Successful
2151,26,44.4,84.7,96.7,81.1,90,Pass,Unsuccessful
3070,31,1.9,16.3,NA,NA,90,BallRecovery,Successful
3070,31,4.1,15.1,11.1,32.3,90,Pass,Successful
3070,12,50.8,49.8,40,79.4,91,Pass,Successful
3070,10,40,79.4,52.4,91.7,91,Pass,Successful
3070,2,52.8,90.9,45.6,81.4,91,Pass,Successful
3070,10,51.4,74.8,82.6,42,91,Pass,Unsuccessful
2151,26,17.2,55.5,NA,NA,91,Aerial,Successful
3070,21,82.8,44.5,NA,NA,91,Aerial,Unsuccessful
2151,26,16.9,53,26.6,55.8,91,Clearance,Successful
2151,8,25.2,58.7,NA,NA,91,BallRecovery,Successful
2151,8,27.2,62.1,27.1,16.2,91,Pass,Successful
2151,19,27.3,15.9,19.9,21.5,91,Pass,Successful
2151,34,25.5,25,27.8,12.2,91,Pass,Successful
2151,19,28.1,11.7,31.4,26.2,91,Pass,Successful
2151,15,34.2,24.1,53.5,14.1,91,Pass,Successful
2151,34,63.8,4.2,NA,NA,91,Foul,Successful
3070,1,36.2,95.8,NA,NA,91,Foul,Unsuccessful
3070,1,0,0,NA,NA,91,Card,Successful
2151,19,70.1,8.4,69.3,10.4,92,Pass,Successful
2151,15,64.5,12.8,76.6,16.1,92,Pass,Successful
2151,34,77.1,15.1,77.5,4.2,92,Pass,Successful
2151,19,72.6,5.6,NA,NA,92,TakeOn,Unsuccessful
3070,2,27.4,94.4,NA,NA,92,Tackle,Successful
3070,2,26.1,97.5,NA,NA,92,BallRecovery,Successful
3070,2,27.7,97.5,33.7,94.6,92,Pass,Successful
3070,21,30.1,81.7,22.9,70,92,Pass,Successful
3070,27,25.8,39.7,38.2,8.8,92,Pass,Successful
3070,31,42.5,5.7,55.2,26.9,92,Pass,Successful
3070,13,55.4,22.5,85.2,9.5,92,Pass,Unsuccessful
2151,35,10.1,88.9,NA,NA,92,BallRecovery,Successful
2151,35,4.3,94.5,16.9,93.2,92,Pass,Successful
2151,36,13.9,93.5,21.3,83,92,Pass,Successful
2151,8,21.3,83,31.1,85,92,Pass,Successful
2151,28,31.1,85,26.7,93.6,92,Pass,Successful
2151,36,26.7,93.6,31.5,83,92,Pass,Successful
2151,28,38.9,87.8,30.6,77.9,92,Pass,Successful
2151,8,23.1,75.3,34.1,49.1,92,Pass,Successful
2151,15,34.6,49.1,45.4,21.8,92,Pass,Successful
2151,19,53.8,23.2,NA,NA,92,TakeOn,Unsuccessful
3070,2,46.2,76.8,NA,NA,92,Tackle,Successful
3070,2,52.8,77.8,NA,NA,92,BallRecovery,Successful
3070,2,73.7,85.2,91.9,47.8,92,Pass,Unsuccessful
2151,23,5.8,50.6,NA,NA,92,KeeperPickup,Successful
2151,23,13,61.6,26.2,49.7,93,Pass,Successful
2151,15,36.1,31.2,47.8,7.9,93,Pass,Successful
2151,34,44.8,11.4,43.8,28,93,Pass,Successful
2151,8,43.9,28,36.9,13.5,93,Pass,Successful
2151,34,40.5,2.5,NA,NA,93,TakeOn,Unsuccessful
3070,16,42.8,100,33.7,74.2,93,Pass,Successful
3070,10,33.6,73.5,30.2,49.2,93,Pass,Successful
3070,12,30.1,43.4,38.3,12.9,93,Pass,Successful
3070,31,34.4,9.2,24.3,27.5,93,Pass,Successful
3070,12,23.6,30.3,25.5,68.3,93,Pass,Successful
3070,10,30.8,72.5,40.9,95.1,93,Pass,Successful
3070,16,41.8,95.2,43.1,71.8,93,Pass,Successful
3070,27,41.8,67.7,38.3,38.3,93,Pass,Successful
3070,12,40.3,34.2,52.7,17.8,93,Pass,Successful
3070,29,53.2,28.2,NA,NA,93,BallTouch,Successful
3070,NA,0,0,NA,NA,94,End,Successful
2151,NA,0,0,NA,NA,94,End,Successful
2151,NA,0,0,NA,NA,0,End,Successful
3070,NA,0,0,NA,NA,0,End,Successful
2151,NA,0,0,NA,NA,0,FormationSet,Successful
3070,NA,0,0,NA,NA,0,FormationSet,Successful
